apply_time_rl,climate_pressure,climate_temperature,cmc_0_0_0_1000,cmc_0_0_0_2,cmc_0_0_0_2_grad,cmc_0_0_0_2_interpolated,cmc_0_0_0_2_next,cmc_0_0_0_500,cmc_0_0_0_700,cmc_0_0_0_850,cmc_0_0_0_925,cmc_0_0_6_2,cmc_0_0_7_1000,cmc_0_0_7_2,cmc_0_0_7_500,cmc_0_0_7_700,cmc_0_0_7_850,cmc_0_0_7_925,cmc_0_1_0_0,cmc_0_1_11_0,cmc_0_1_65_0,cmc_0_1_66_0,cmc_0_1_67_0,cmc_0_1_68_0,cmc_0_1_7_0,cmc_0_2_2_10,cmc_0_2_2_1000,cmc_0_2_2_500,cmc_0_2_2_700,cmc_0_2_2_850,cmc_0_2_2_925,cmc_0_2_3_10,cmc_0_2_3_1000,cmc_0_2_3_500,cmc_0_2_3_700,cmc_0_2_3_850,cmc_0_2_3_925,cmc_0_3_0_0,cmc_0_3_0_0_next,cmc_0_3_1_0,cmc_0_3_5_1000,cmc_0_3_5_500,cmc_0_3_5_700,cmc_0_3_5_850,cmc_0_3_5_925,cmc_0_6_1_0,cmc_available,cmc_horizon_h,cmc_precipitations,cmc_timedelta_s,fact_latitude,fact_longitude,fact_station_id,fact_temperature,fact_time,gfs_2m_dewpoint,gfs_a_vorticity,gfs_available,gfs_cloudness,gfs_clouds_sea,gfs_horizon_h,gfs_humidity,gfs_precipitable_water,gfs_precipitations,gfs_pressure,gfs_r_velocity,gfs_soil_temperature,gfs_soil_temperature_available,gfs_temperature_10000,gfs_temperature_15000,gfs_temperature_20000,gfs_temperature_25000,gfs_temperature_30000,gfs_temperature_35000,gfs_temperature_40000,gfs_temperature_45000,gfs_temperature_5000,gfs_temperature_50000,gfs_temperature_55000,gfs_temperature_60000,gfs_temperature_65000,gfs_temperature_7000,gfs_temperature_70000,gfs_temperature_75000,gfs_temperature_80000,gfs_temperature_85000,gfs_temperature_90000,gfs_temperature_92500,gfs_temperature_95000,gfs_temperature_97500,gfs_temperature_sea,gfs_temperature_sea_grad,gfs_temperature_sea_interpolated,gfs_temperature_sea_next,gfs_timedelta_s,gfs_total_clouds_cover_high,gfs_total_clouds_cover_low,gfs_total_clouds_cover_middle,gfs_u_wind,gfs_v_wind,gfs_wind_speed,sun_elevation,topography_bathymetry
1669425617,738.03766,27.180714,301.3025,301.27975,-1.1392212,301.27975,300.14053,268.2413,282.87283,291.26276,296.41205,297.56387,3.125,3.5,9.293965,3.625,1.25,2.25,0.0219,0.0,12.18435,0.0,0.0,0.0,0.0,0.8260864,0.7536926,-7.2612076,1.2744751,3.0803406,2.8732238,-0.8497116,-0.7760223,-0.94960326,-1.7574829,-0.78605956,-2.3895874,98358.95,98379.89,100701.234,61.229126,5849.419,3128.4268,1485.5094,751.9409,24.0,1,42.0,0.0,0.0,1.54926,124.926,35156,32.0,1669528800,22.568811,8.480219e-05,1,1.028,0.0,36.0,73.5,51.25683,0.5625,729.1762,-0.2307085,25.550013,1,-80.23344,-69.045525,-52.89617,-40.269997,-30.176184,-22.655737,-15.084967,-10.027502,-66.48,-6.006781,-1.5261291,2.4176269,6.193933,-71.23669,9.640192,12.760462,15.593836,17.947748,20.91311,22.98205,25.158136,27.288996,27.728022,-3.2965088,27.728022,24.431513,0.0,84.5,17.8,0.5,0.0052026366,-1.7271656,1.7271734,48.616764,89.0
1679707814,760.4326,27.442858,297.61765,298.34213,0.26538086,298.51904,298.6075,270.0165,282.0097,290.20026,294.70654,296.89612,1.5,1.375,29.998264,0.0,1.125,2.25,0.0201,0.0,4.194675,0.0,0.0,0.0,0.0,-1.763684,-1.9709625,-7.4700165,-3.9225342,0.670932,2.3826356,-2.226996,-3.5011153,-2.9741273,1.1403015,-0.64445496,0.42893678,100922.83,101006.62,101020.33,89.06888,5871.009,3140.3975,1502.442,772.4309,92.0,1,69.0,0.0034750302,7200.0,14.7943,-92.37,23218,23.0,1679917200,21.598108,6.1692386e-05,1,0.0139999995,0.0,63.0,71.7,46.15039,0.0,757.0696,-0.019308593,-9999.0,0,-78.410545,-67.94904,-55.71688,-42.757866,-32.544334,-23.04302,-16.132788,-9.510962,-68.11356,-3.2651124,1.7946717,3.8831725,4.91546,-79.0057,8.294947,12.082666,15.45495,18.364954,20.324976,21.21493,22.942652,24.684961,27.119654,-0.36761475,26.874577,26.752039,7200.0,1.4,0.0,0.0,2.231621,-2.7330103,3.5283818,-15.916965,23.0
1657834212,726.20465,26.268572,299.83206,298.1839,-0.90689087,297.5793,297.277,268.23273,283.74606,295.34784,297.41934,294.60092,4.625,3.5,22.375,3.125,8.75,4.25,0.017,0.0,3.503275,0.0,0.0,0.0,0.0,2.1516144,2.0765564,-6.2015867,-5.1895905,0.29276735,7.090396,0.34953004,0.4075775,-4.0598574,-8.184778,-4.4579344,0.03918152,97075.53,96936.164,100981.195,84.077515,5884.2686,3170.8096,1512.2657,772.2574,36.0,1,36.0,0.0,7200.0,12.5335,-7.94994,15818,24.0,1657936800,20.971582,6.042151e-05,1,1.269,0.0,36.0,74.6,51.277912,0.0,727.0974,-0.03242871,30.56933,1,-76.94193,-69.621315,-54.231117,-41.253014,-30.926855,-22.483358,-15.766943,-10.123266,-64.6636,-6.4780335,-2.7091126,1.8630921,5.751367,-67.792244,9.94784,14.547846,18.214136,20.577936,23.181665,24.562159,25.072931,26.146265,25.864557,-0.35964966,25.62479,25.504908,7200.0,73.3,44.1,9.5,1.7846924,4.169119,4.53505,-50.277527,370.0
1659571818,752.9585,27.664286,301.405,300.77213,-2.577423,300.77213,298.1947,269.82062,283.32004,291.21805,296.63965,296.6659,3.875,4.0,3.625,1.375,1.5,3.125,0.0195,0.0,1.0286,0.0,0.0,0.0,7e-05,2.961267,4.924936,-0.09077148,13.338974,10.557706,6.886429,-2.7442079,-3.0693467,-0.41690063,-3.0255585,4.5353518,2.1888764,100569.62,100783.34,100681.695,61.111237,5864.383,3127.883,1484.6786,750.5958,76.0,1,24.0,0.04225834,0.0,14.011667,99.97,42203,28.0,1659614400,23.067408,2.5134643e-05,1,2.738,0.0,24.0,79.0,62.749714,0.0,754.01807,-0.043780763,27.369349,1,-79.80729,-67.034294,-50.370552,-37.983025,-27.820227,-19.582006,-13.127661,-8.040045,-66.06852,-3.3378358,0.13414916,3.357782,6.80578,-70.36164,10.528315,13.468317,15.588831,18.308252,21.721369,23.718256,25.768244,27.698084,26.944513,-1.3707886,26.944513,25.573725,0.0,80.2,93.7,99.9,2.2129297,1.1842114,2.5098634,-5.414661,9.0
1658160361,757.5236,17.931429,,,-9999.0,,,,,,,,,,,,,,,,,,,,,,,,,,,,,,,,,,,,,,,,,,0,,,,-23.5,-58.783333,43625,27.0,1658167200,10.1783085,-5.9698243e-05,1,0.036,0.0,12.0,32.2,31.407381,0.0,753.273,-0.0047653806,18.869349,1,-72.26449,-61.29873,-55.603325,-43.3518,-37.21,-30.75266,-21.977621,-14.245825,-61.20896,-7.1945252,-1.7992615,2.8151793,5.0284667,-66.233284,7.3895507,10.502497,13.997492,14.249384,17.363916,19.567225,21.788385,24.049189,28.162592,-3.0719604,28.162592,25.090631,0.0,1.1,2.5,0.0,-1.2366333,-1.8026612,2.1860578,36.62536,101.0
1674278118,760.0182,27.547142,296.62692,298.0602,0.10568237,298.0602,298.1659,266.1997,282.5451,288.80792,292.3697,296.48022,0.875,1.375,2.6093664,17.0,0.0,0.125,0.0228,0.0,0.6750875,0.0,0.0,0.0,0.00033,-3.155014,-3.777008,-9.148532,-5.513861,-4.3967376,-5.2578154,-5.67583,-5.69812,1.30318,-3.8130767,-4.281583,-5.588971,101081.89,101055.97,101083.875,94.633575,5842.725,3127.477,1498.1562,772.809,92.0,1,21.0,0.9712625,0.0,4.19183,73.5291,34757,29.0,1674291600,19.149988,-7.67627e-06,1,0.11,0.0,15.0,64.3,34.55721,0.0,757.6464,0.015746094,-9999.0,0,-79.86129,-68.10438,-54.98504,-42.413734,-31.307669,-22.639975,-14.307043,-10.029486,-68.33848,-7.5014405,-2.8584046,2.4620605,6.201074,-73.554115,9.41894,12.74444,13.384424,14.297144,17.278528,18.898188,21.089075,23.258081,26.42132,0.03036499,26.42132,26.451685,0.0,1.7,8.8,0.5,-0.15279298,-5.150613,5.1528788,53.37263,-855.0
1666601423,745.6943,24.053572,297.62747,298.03143,0.047454834,298.06308,298.0789,268.9868,283.15,292.46658,293.99084,293.87024,3.5,4.0,2.9687703,4.25,3.625,1.125,0.0155,0.0,0.0,0.0,0.0,0.0,0.0,-3.8588288,-3.844934,-6.4719176,-6.7728515,-5.630777,-12.940204,-1.8195709,-1.7931579,1.4003693,-0.9256226,0.5864685,-4.162778,99341.01,99428.164,100977.15,84.89078,5878.5713,3146.8127,1500.5106,767.8629,0.0,1,69.0,0.0,7200.0,16.1168,103.774,34886,25.0,1666825200,19.852167,6.847046e-05,1,1.48,0.0,69.0,86.5,56.606316,0.0,745.2909,-0.021978028,24.293879,1,-85.81565,-68.12972,-52.884865,-39.733757,-28.96781,-20.909582,-14.665869,-8.401373,-63.700005,-4.1846375,-1.094397,2.473474,6.1026244,-75.340004,9.417383,12.637384,15.4873905,18.197382,20.882471,21.756922,21.852472,22.242456,22.249994,0.62927246,22.669508,22.879267,7200.0,100.0,0.1,47.9,-2.9088647,-2.205586,3.6504936,-5.0373225,136.0
1688669123,750.9265,26.784286,303.8443,304.4,-3.553009,304.4,300.847,269.13528,282.83487,291.61456,298.15274,295.48877,8.0,8.75,12.25,4.75,0.875,4.875,0.0183,0.0,0.0,0.0,0.0,0.0,0.0,0.24889222,0.24556275,-11.835657,-4.571274,-0.8231354,-0.17781678,-0.37715453,-0.43959045,-6.61586,2.4491394,-0.13892213,-0.40049133,99575.2,99690.2,100807.48,71.23892,5866.271,3143.546,1502.0356,765.83264,12.0,1,9.0,0.0,0.0,-3.78474,-73.3088,31420,30.0,1688677200,25.750391,-6.274536e-06,1,1.3260001,0.0,9.0,89.8,55.354717,0.3125,747.4928,-0.006046875,25.0693,1,-79.79696,-67.28149,-51.635124,-39.34359,-29.225378,-20.788336,-14.400915,-8.915808,-67.39245,-4.4631104,-1.386145,2.640283,6.3953795,-68.54922,9.865686,12.685694,15.1271,18.725397,22.24566,24.207087,26.067102,27.818933,27.60528,-3.943451,27.60528,23.661829,0.0,45.4,86.3,0.9,-0.68609375,0.61886716,0.92397034,24.361767,96.0
1677784213,756.57794,27.231428,301.2438,301.8186,-0.54351807,301.8186,301.2751,268.7387,282.55966,290.61615,295.80908,296.97128,5.875,4.625,3.5000057,3.0,2.25,3.25,0.0238,0.0,13.22065,0.0,0.0,0.0,0.0,-3.7281556,-4.490161,-3.5842774,-11.631918,-8.200055,-7.2994995,-1.3441254,-1.8934174,-0.275235,0.7684601,-4.721283,-5.708667,100890.53,100849.44,100898.79,79.785736,5864.6035,3137.562,1498.9766,766.9729,0.0,1,30.0,3.33786e-05,0.0,0.033333,-51.05,42682,28.0,1677866400,23.429132,-3.77594e-05,1,0.447,0.0,30.0,79.2,58.001534,0.1875,756.303,-0.01423291,-9999.0,0,-81.01536,-68.00643,-52.416237,-40.273125,-30.15058,-21.518423,-15.153326,-9.810003,-69.499535,-4.549994,-0.32001343,2.9003844,6.2805724,-77.55262,9.418024,12.396509,15.348017,17.838037,19.733973,21.198725,22.504175,24.397821,27.397547,-0.5475769,27.397547,26.84997,0.0,14.8,3.2,26.7,-5.6810255,-3.5070508,6.6763353,50.62872,5.0
1659367221,757.62177,27.529285,298.2701,298.90253,0.026977539,298.90253,298.9295,268.60602,284.50433,291.1436,292.4226,295.29742,3.75,3.375,30.0,14.125,5.75,0.375,0.0198,0.0,0.02985,0.0,0.0,0.0,0.0,-6.749133,-7.9420104,-2.5323424,-9.388074,-15.575745,-11.330539,2.4809203,2.7943542,2.883487,-2.4423156,3.1755614,3.5386474,100928.92,101008.02,100924.46,81.33313,5862.203,3132.5923,1488.0022,761.57544,8.0,1,78.0,1.6666329e-05,0.0,1.983333,-157.48334,46554,26.0,1659592800,21.55276,-7.494507e-06,1,0.367,0.0,72.0,77.6,37.44979,0.0625,757.5656,-0.013896973,-9999.0,0,-79.127144,-67.238075,-54.260002,-42.165703,-31.480017,-23.032324,-15.050909,-10.370001,-60.42942,-4.268744,0.93456423,4.1579833,6.9171386,-70.45496,9.966639,13.536615,15.866632,16.66665,17.937098,18.626642,20.61712,22.67663,25.752771,-0.102752686,25.752771,25.650019,0.0,2.0,34.7,0.0,-7.436475,2.9757128,8.009746,-20.987923,-61.0
1689159023,745.7198,24.721428,299.93158,300.52902,2.1099548,301.93567,302.63898,267.10925,282.8037,291.65094,294.96298,296.31818,3.875,4.0,2.75,3.75,8.75,2.875,0.0212,0.0,0.6872,0.0,0.0,0.0,0.0,-4.6881714,-5.4281645,-9.90152,-9.848291,-11.550619,-8.541141,3.5314605,4.4128923,0.525473,9.230774,10.289166,10.023077,100391.266,100386.74,101391.664,121.88336,5893.102,3178.366,1537.4609,806.5704,24.0,1,36.0,0.0,7200.0,19.7579,-70.57,22738,29.0,1689256800,22.049982,0.00031299976,1,1.091,0.0,30.0,77.8,53.6337,0.0,753.3738,0.35237157,25.97085,1,-70.92123,-67.90096,-53.868904,-41.864082,-31.46137,-23.256659,-16.967443,-10.941046,-63.379723,-5.8378663,-1.8365234,1.9380738,5.8104796,-67.76545,9.662317,12.462305,14.617762,17.662317,20.517786,21.710596,22.662317,23.810572,26.209558,4.2785645,29.061934,30.488123,7200.0,95.9,13.2,0.0,-2.3933399,3.021084,3.8542216,52.079136,26.0
1673275827,744.87854,21.272142,294.85248,295.40305,5.0240173,295.40305,300.42706,261.7051,281.08054,290.2066,289.65765,278.00928,16.625,17.25,23.144043,27.75,23.75,15.0,0.0055,0.0,0.0,0.0,0.0,0.0,0.0,1.3385499,1.3019531,19.978613,10.62456,5.27182,5.6274657,-0.30492553,-0.17427978,-2.2118287,-7.222589,-7.8482604,-4.3518496,99581.86,99258.11,101746.84,150.24063,5837.49,3162.175,1536.5901,816.9779,0.0,1,30.0,0.0,0.0,22.816668,86.183334,40083,24.0,1673330400,-0.7332519,7.2525756e-05,1,0.0,0.0,24.0,19.3,9.213129,0.0,746.95496,0.013065918,21.83999,1,-75.18668,-61.618965,-51.846977,-40.119514,-31.276403,-26.462912,-20.410116,-16.8281,-70.173775,-10.854437,-5.7759156,-1.0502075,3.57937,-79.00919,7.2841125,10.755091,13.474604,15.666437,15.798914,16.641748,18.697474,20.881067,23.975092,3.3563538,23.975092,27.331446,0.0,0.0,0.0,0.0,2.0294678,-1.6207203,2.597205,45.49029,150.0
1671673209,747.13696,25.510714,299.63885,299.71762,1.1442871,299.71762,300.8619,269.99127,281.32483,287.40826,291.95078,285.15918,14.125,14.375,29.893524,15.875,4.75,8.125,0.0098,0.0,0.0,0.0,0.0,0.0,0.0,-2.064055,-2.0888488,15.762686,4.2713075,0.91455996,-2.778595,0.8317658,0.8619812,-0.5202087,-6.3722105,1.5329101,0.89215696,99180.83,98954.72,101216.92,105.50781,5843.7104,3123.2378,1502.8131,783.41437,0.0,1,42.0,0.0,0.0,17.9883,102.563,34657,27.0,1671775200,13.717707,3.116333e-05,1,1.027,0.0,36.0,43.9,28.511496,0.0,740.27423,-0.054778077,22.593866,1,-80.95608,-67.57778,-53.082314,-40.64451,-30.05564,-20.935995,-13.847082,-8.030188,-70.47994,-3.175055,0.8674561,3.6155334,5.7961364,-79.99659,7.1180663,8.116632,12.088831,14.238794,17.15188,19.375727,21.652216,24.002314,26.930964,-0.2036438,26.930964,26.72732,0.0,100.0,2.7,0.0,-1.12271,1.0525537,1.5389434,46.826126,167.0
1664394021,741.54663,24.008572,297.91687,295.99673,1.3438416,297.1166,297.34058,270.17627,283.70493,290.58478,293.68423,295.5755,1.75,0.25,2.1281388,0.25,0.0,0.25,0.0179,0.0,12.72675,0.0,0.0,0.0,0.00074,3.3979828,3.4759216,-13.089714,-14.4344425,-11.807223,2.294211,-2.3931305,-2.3766205,-5.0150666,-3.1816285,-12.980997,-8.431726,98112.84,98113.414,100195.65,16.155212,5818.9863,3073.6328,1426.8901,697.22473,100.0,1,12.0,1.5687667,18000.0,17.3864,102.788,34876,29.0,1664427600,22.050013,3.9249877e-05,1,2.928,0.0,15.0,96.5,60.13113,0.125,737.595,-0.008866943,23.767572,1,-83.0563,-66.12643,-50.591225,-37.160973,-27.390005,-18.490835,-12.019506,-6.0668397,-66.460045,-4.015265,-0.2782959,5.19317,6.7753234,-72.83785,10.3211,12.481806,14.821161,16.731806,19.11181,20.42187,21.262506,21.93252,22.617273,2.0981445,24.016035,24.715418,7200.0,99.5,100.0,93.3,0.6754761,-3.2427588,3.3123636,68.05938,178.0
1678711220,760.8456,24.875713,294.85223,297.03674,0.3296814,297.14664,297.36642,261.75504,280.80966,290.46808,292.94495,291.76743,4.5,5.0,18.484722,18.625,12.125,10.875,0.0147,0.0,0.0,0.0,0.0,0.0,0.0,-1.1357727,-1.4972245,11.484823,4.9187837,-1.7883484,-5.062686,3.5628572,4.3069944,-3.5867584,-3.2616944,-0.9377014,4.6783295,101522.94,101314.05,101577.336,136.40164,5842.2285,3165.3005,1535.8301,809.9439,0.0,1,42.0,0.0,3600.0,23.1614,-106.266,23187,28.0,1678822860,13.80517,-3.823987e-05,1,0.406,0.0,36.0,39.0,21.8068,0.0,755.3206,-0.21290699,22.84353,1,-75.344246,-62.05686,-49.785606,-41.574898,-38.58541,-33.555183,-24.93862,-17.64002,-72.411,-10.757299,-5.030005,-0.97550046,3.6038756,-76.57377,7.651117,11.769739,15.46673,17.308588,18.36236,19.732355,21.776972,23.915888,29.104761,-0.21237183,29.03397,28.89239,3600.0,40.6,0.0,0.0,1.0824634,3.1792114,3.358439,64.84534,9.0
1669489235,759.00116,27.457144,299.6859,300.43634,0.50790405,300.8314,300.94424,267.8523,282.6896,290.0443,293.62152,295.83627,4.625,4.5,5.9286942,10.375,5.375,1.875,0.0235,0.0,1.1095,0.0,0.0,0.0,0.0,2.6379151,2.772052,-1.4918,0.5379852,2.655313,2.6799133,2.521103,2.8661988,1.2940613,2.0458832,2.1469543,2.9758668,100965.375,100781.75,100967.336,85.35214,5852.5815,3132.7378,1495.1752,768.36273,0.0,1,39.0,0.0,25200.0,4.19183,73.5291,34757,29.0,1669629600,21.653131,1.2304199e-05,1,0.506,0.0,45.0,72.1,42.249557,0.0,755.7158,0.0038005372,-9999.0,0,-84.18633,-68.64863,-53.393456,-42.105614,-31.561392,-21.812399,-13.911413,-9.886633,-62.33071,-5.4700074,-0.3619751,3.5299926,6.1911254,-74.408165,9.45669,12.56222,15.543665,18.117884,19.504297,20.13708,21.946924,24.134363,27.059168,0.15441895,27.11064,27.213587,3600.0,50.6,0.0,0.0,1.1483667,1.4472241,1.8474858,39.994823,-855.0
1672636826,738.75214,23.934286,297.84967,297.22452,0.7392578,297.22452,297.96378,270.54147,282.73065,291.44846,293.5711,294.81085,3.125,2.375,13.875003,3.5,12.125,1.375,0.0187,0.0,0.1414375,0.0,0.0,0.0,0.0,-1.2930939,-1.5671768,5.6111727,2.8582673,-10.162912,-4.825891,0.6653992,0.83048403,4.2065797,1.239151,-3.4094787,-2.6217713,100407.266,100546.08,100589.625,51.358856,5834.759,3100.9673,1461.3479,733.5573,12.0,1,18.0,0.0,0.0,-19.2525,146.765,36271,26.0,1672682400,20.442621,9.54198e-05,1,0.813,0.0,24.0,77.6,38.35057,0.0,751.6736,-0.043875,26.099665,1,-83.08999,-65.858406,-50.21795,-38.748817,-27.907858,-20.262152,-13.549322,-7.281195,-64.21731,-2.4961,-0.036352538,4.1190734,6.6534057,-76.69895,9.539576,12.494776,16.130304,18.800318,17.911585,19.830164,21.984735,24.081537,24.614069,1.285492,24.614069,25.89956,0.0,70.0,6.3,5.0,-2.5651293,-0.2205713,2.5745952,-20.523743,5.0
1665874835,760.5191,27.225714,299.74384,300.87482,-2.0930786,300.17712,298.78174,267.05878,282.6793,289.5169,294.02396,296.15567,4.375,4.625,11.132469,8.375,1.875,2.0,0.0238,0.0,0.5698,0.0,0.0,0.0,0.00058,-1.7427247,-1.6953614,10.207217,6.1375246,1.5767395,0.43417662,2.5708923,2.7733276,-1.1794525,1.9136505,2.8619628,1.7642334,101098.766,101036.91,101109.31,98.02081,5862.252,3145.1624,1509.5223,781.7541,36.0,1,66.0,0.50991666,3600.0,24.7261,-81.0514,19615,26.0,1666079580,22.717981,6.331677e-05,1,0.518,0.0,66.0,77.8,43.484253,0.5208333,758.1661,-0.014441894,-9999.0,0,-74.553856,-67.60233,-55.280083,-43.917305,-33.585197,-25.138632,-18.045156,-12.931707,-64.46183,-7.091803,-1.8302978,2.3059936,5.6592345,-69.27216,9.0133915,11.85586,14.446131,17.03927,19.449915,20.957209,22.390772,23.800776,26.889887,-0.6539612,26.6719,26.235926,3600.0,51.7,0.0,0.1,-1.236228,2.3849413,2.6862996,-63.734222,3.0
1684344316,669.81964,16.758572,297.58255,292.44632,1.3970642,292.44632,293.84338,269.42813,282.63492,289.61087,292.9563,291.40912,4.375,0.75,16.956207,3.125,0.0,1.0,0.0147,0.0,0.2586,0.0,0.0,0.0,1e-05,0.38258362,0.5239517,-1.7310181,-2.598999,-1.4584839,0.50367737,-0.4649292,-0.4809021,-3.0127473,1.2102783,2.1294494,-0.50015867,90631.86,90828.625,101351.42,118.07907,5891.287,3162.6401,1526.1622,798.0537,92.0,1,15.0,0.14535,0.0,-3.42941,37.0745,16352,21.0,1684378800,17.050013,-5.2540283e-05,1,1.032,0.0,21.0,90.1,34.316467,0.0,681.3337,0.003908203,21.735376,1,-82.38886,-67.01682,-50.916893,-40.60885,-30.838537,-20.777838,-12.580481,-8.597082,-64.48748,-5.280005,-0.88693845,2.704492,6.63009,-75.35946,9.590113,12.3901005,13.281916,15.401941,17.95193,19.66192,21.143763,22.593836,18.668299,1.3182678,18.668299,19.986567,0.0,4.5,98.7,0.0,-0.437583,1.214851,1.291256,-8.615313,888.0
1688617832,762.03143,24.94143,298.28842,299.38617,-0.4343872,299.38617,298.95178,267.78265,281.69327,287.383,291.9002,294.1261,5.0,5.0,30.0,16.25,1.25,1.0,0.0199,0.0,0.02575,0.0,0.0,0.0,0.0,-3.5150986,-3.7548828,-7.50459,-9.847796,-3.6418242,-3.1515594,-1.8863556,-2.6866546,-0.026727295,-1.2349793,0.40997314,-1.9618317,101112.79,101079.3,101866.46,163.02289,5908.577,3188.3323,1564.115,841.796,56.0,1,66.0,0.0,0.0,-12.8047,45.2811,15044,28.0,1688797800,18.85,-7.968909e-05,1,1.025,0.0,54.0,67.6,28.714848,0.0,764.4598,-0.0648916,-9999.0,0,-73.67541,-68.256294,-52.81411,-41.03576,-30.56246,-24.392584,-17.564505,-10.833899,-65.092964,-5.9758058,-1.35755,3.3474975,7.081384,-71.12501,5.6213927,7.8013854,12.185297,15.366724,15.078974,16.866724,19.066736,21.166712,25.197718,-0.10101318,25.197718,25.096704,0.0,92.5,10.0,0.0,-2.9013915,5.4073024,6.1365294,33.963684,-13.0
1687058115,723.34656,29.046429,305.6763,306.7665,-2.1138916,306.7665,304.65262,271.09073,284.5444,294.61398,301.93787,295.81866,9.5,10.875,6.0,0.625,2.25,7.875,0.0195,0.0,5.92265,0.0,0.0,0.0,0.0,-0.24191895,-0.27622375,-0.18139648,6.377838,2.3939729,0.838147,0.7923477,0.73977506,-1.053421,-0.46018678,2.7669983,2.0556731,97472.89,97459.31,100227.06,15.276642,5868.0464,3121.607,1463.2925,717.6122,76.0,1,21.0,0.14470005,0.0,18.8079,100.783,34843,32.0,1687078800,25.133448,0.000100918216,1,1.301,0.0,15.0,72.4,61.77971,0.47916666,726.7782,-0.0037836914,28.09173,1,-79.44236,-64.58585,-49.107735,-36.72184,-26.767721,-18.560019,-12.110571,-7.140021,-64.30448,-2.6997132,1.3832337,5.085077,8.719751,-77.19959,11.8597355,15.095331,17.44546,20.195673,24.505793,26.77917,28.992548,30.879328,30.633448,-3.9859314,30.633448,26.647516,0.0,97.7,27.4,5.0,0.26912597,1.0629663,1.0965064,38.076176,213.0
1679220034,757.23737,26.265715,297.33914,298.76068,-0.5124817,298.76068,298.2482,266.4168,281.44986,289.7297,292.73764,295.34378,3.375,3.375,29.916891,17.375,3.75,1.375,0.0181,0.0,0.58225,0.0,0.0,0.0,0.0,-5.072467,-6.3454957,-3.730481,-5.561343,-4.407962,-7.52757,-1.4341125,-1.4421508,-0.854068,-0.46863097,2.8592772,0.11419678,100879.734,100989.19,101707.766,148.7854,5883.756,3184.5361,1554.8716,827.4391,24.0,1,69.0,0.0,0.0,19.1986,-69.4298,22710,29.0,1679432400,20.142542,0.00012493848,1,0.0,0.0,69.0,64.5,21.419847,0.0,755.3755,0.35285938,25.550013,1,-78.83912,-68.60961,-54.146446,-42.916115,-33.455467,-24.095861,-18.176016,-11.940008,-68.12957,-7.3958497,-3.1099916,1.0779053,4.6272216,-76.1625,7.654077,11.024439,14.5281925,17.908167,20.818354,21.548792,22.178797,23.789362,27.411646,-3.616516,27.411646,23.79513,0.0,0.0,0.0,0.0,-5.846719,-0.88144284,5.912788,23.269114,1.0
1666875626,752.1636,22.473572,294.4404,293.30966,-1.0388794,293.30966,292.27078,266.1673,282.30893,285.63165,289.71832,290.6145,3.75,2.375,25.029638,30.0,2.75,2.625,0.0132,0.0,0.44465,0.0,0.0,0.0,0.0,-2.990268,-3.0388794,2.7624023,1.620575,-2.0878234,-7.8830233,0.10474853,0.13874511,-0.2370697,-0.4003113,1.1064209,-0.4904297,99371.68,99238.64,101772.49,152.46204,5862.685,3160.3286,1540.1521,823.2846,0.0,1,42.0,0.0,0.0,-20.2975,57.49472,38604,19.0,1666980000,17.425623,7.9267884e-05,1,1.381,0.0,36.0,81.9,26.639057,0.0625,741.38086,0.52111965,23.669336,1,-72.74967,-64.1842,-56.78945,-45.055916,-34.88807,-25.44277,-17.454687,-11.882818,-64.39356,-6.994391,-2.130011,1.6924073,5.2398314,-71.41619,8.7998295,10.009821,9.630518,13.252344,15.142359,16.090479,17.43487,19.478174,20.640528,-0.6727295,20.640528,19.967798,0.0,79.3,58.8,0.0,-4.1225243,0.53513914,4.157112,-42.552006,405.0
1686789917,720.98956,23.107857,300.57446,300.63522,-2.6388245,300.63522,297.9964,271.10138,285.08273,291.64542,296.39005,297.7307,2.25,2.875,3.75,3.5,0.375,1.375,0.0214,0.0,12.65975,0.0,0.0,0.0,0.0,1.293396,1.3383148,2.280316,5.591559,2.8175902,1.7395874,1.1438843,1.096112,2.2899384,4.885123,3.5273254,3.4298491,96926.7,96905.3,100655.65,54.049286,5881.9316,3132.2864,1479.0125,744.3249,8.0,1,63.0,0.21479988,0.0,18.770555,98.96833,42138,32.0,1686970800,21.062098,5.5857545e-05,1,0.45700002,0.0,57.0,53.0,53.96544,0.0,722.52423,-0.07620166,28.357447,1,-78.51989,-65.33163,-50.068825,-37.17623,-27.161108,-19.037512,-12.9414425,-7.683783,-64.522896,-3.1416993,1.2907349,5.0224547,8.666346,-76.04009,12.2060795,15.584314,17.949366,19.141504,23.221521,25.562983,27.966486,30.18368,31.721033,2.694336,31.721033,34.415367,0.0,40.7,0.0,5.0,-0.06321045,0.8703955,0.8726877,56.148716,309.0
1669053624,744.26166,26.19143,300.66898,300.4876,-3.2980652,300.4876,297.18954,267.9238,282.91187,294.18866,300.26056,295.93762,4.25,4.375,13.228276,5.125,4.5,7.5,0.0179,0.0,6.693575,0.0,0.0,0.0,0.0,0.77901614,0.81376344,1.4918671,-4.5616274,-4.4739656,0.04033508,0.06050415,-0.01675415,-3.048224,-3.0011687,-3.174411,-0.06052246,98854.83,99080.27,100657.21,57.4834,5862.7695,3143.7183,1495.3008,753.35034,8.0,1,60.0,0.18880834,0.0,-8.25,-49.283333,42804,25.0,1669248000,21.879053,2.4071167e-05,1,2.288,0.0,60.0,84.3,50.64738,0.020833334,739.2818,0.014584961,29.68194,1,-80.57813,-68.3341,-53.290764,-41.20672,-30.049994,-20.49555,-14.469122,-9.544653,-67.5019,-5.383368,-0.69998777,2.2619262,5.723291,-73.81339,9.022211,11.949549,15.9422245,19.97967,24.059107,25.63894,26.830011,26.129694,24.721918,0.26080322,24.721918,24.982721,0.0,73.5,94.8,60.5,0.8168286,1.7742286,1.953227,-33.263718,180.0
1669072815,735.2116,25.303572,300.96802,299.04782,-0.13296509,299.04782,298.91486,268.0022,282.62592,293.71857,295.22812,296.35147,4.375,2.5,10.475156,6.5,7.625,0.25,0.0203,0.0,18.6436,0.0,0.0,0.0,0.0,-1.62863,-1.3176727,-6.602164,-4.313324,-3.4791627,-4.919568,-0.26259154,-0.28471678,-0.49559632,0.84829104,2.3824248,-1.2753845,96588.57,96522.53,101066.35,93.12958,5878.007,3161.5286,1514.6543,780.9215,92.0,1,75.0,0.006316503,0.0,-2.57695,140.516,35118,24.0,1669303800,22.245325,0.00020386609,1,1.303,0.0,75.0,91.4,51.734943,0.5,735.7536,0.13762012,24.661951,1,-82.07964,-68.546394,-53.596214,-41.124794,-30.400747,-21.585058,-14.860693,-9.618933,-62.927788,-5.5665956,-1.8770202,1.707666,5.341638,-73.51258,8.917231,12.77215,15.689325,18.33819,20.6112,21.75741,23.197412,23.34118,23.80401,-0.46652222,23.80401,23.337488,0.0,91.1,33.1,6.1,-2.7087328,0.3753955,2.7346215,-65.391205,99.0
1665582020,596.2006,20.477858,301.10062,295.34247,-3.7199402,294.10248,291.62253,268.56036,283.6225,294.0644,297.73715,290.6187,8.375,4.5,5.47458,3.375,4.0,6.375,0.015,0.0,36.7987,0.0,0.0,0.0,1e-04,1.6284668,1.7642456,2.9340606,-0.91828614,2.3524659,1.7451355,0.25523224,0.2737213,-3.0561433,-4.603854,1.1729248,0.28018492,85579.34,85743.58,100581.13,48.944275,5860.5625,3130.4866,1479.5054,738.8662,20.0,1,69.0,0.6043332,3600.0,4.45278,-75.7664,30268,25.0,1665784800,17.244074,-1.0086425e-05,1,1.857,0.0,63.0,92.2,37.51548,0.5208333,640.19904,0.41153222,19.301966,1,-80.10117,-69.290276,-53.840584,-40.560722,-30.089605,-21.802816,-15.109289,-9.736181,-64.23481,-5.1485353,-1.2891906,1.8894287,5.959924,-68.43032,9.3918705,12.373072,15.7642765,18.805506,21.830713,23.357203,24.847925,26.288385,18.544062,-1.8881531,17.914677,16.655909,3600.0,95.4,11.4,78.9,-1.0863867,0.71688724,1.3016003,14.66459,1201.0
1658581814,759.4383,15.7,302.87686,304.02124,2.830719,304.02124,306.85196,266.27704,279.47363,292.12088,298.83936,287.6806,16.25,16.125,16.25,19.625,14.5,19.625,0.0112,0.0,0.0,0.0,0.0,0.0,0.0,-2.8957582,-3.515242,11.681519,1.8161987,1.7357361,0.8205139,-3.254451,-4.3821487,-7.319757,-7.793668,-10.529745,-7.8213625,100822.984,100536.195,101425.586,125.6868,5880.4727,3171.9646,1549.2734,814.9603,0.0,1,63.0,0.0,0.0,-23.433332,-57.416668,43626,31.0,1658761200,7.266687,-2.9220948e-05,1,0.005,0.0,57.0,17.1,24.104073,0.0,753.1421,0.015385254,26.249994,1,-72.12292,-63.4076,-52.17559,-43.750008,-38.23844,-29.531408,-21.823767,-14.695593,-62.20321,-7.6971803,-1.6220459,1.2949158,1.7532898,-69.78004,6.564935,11.503931,16.593927,21.58642,25.526453,27.15542,29.16546,31.345362,35.709007,2.5780945,35.709007,38.2871,0.0,0.0,0.0,0.5,-2.0774121,-4.088662,4.586153,46.081005,76.0
1659553206,758.8969,27.157143,297.44867,297.95523,1.7047424,297.95523,299.65997,268.26166,282.22418,290.43826,294.2974,296.78394,0.875,1.0,0.875,1.5,2.375,2.0,0.0227,0.0,0.4484,0.0,0.0,0.0,0.0,0.31625977,0.5128082,-2.9539275,-0.3666687,-1.7695068,2.4551024,0.9873535,1.1472229,0.9833313,-3.8304381,-3.1781554,-2.3272157,101149.92,101180.5,101170.56,102.81409,5876.729,3153.2002,1515.007,785.59106,92.0,1,9.0,0.0,0.0,12.4102,-16.7461,15941,25.0,1659560400,23.050013,5.7180663e-05,1,2.103,0.0,9.0,84.9,59.509026,0.0,758.70825,-0.011889649,-9999.0,0,-78.430824,-69.915276,-53.449226,-40.242973,-30.332663,-22.331076,-15.359533,-9.736242,-66.0891,-5.2361207,-1.5652221,2.4757323,6.604791,-68.256325,9.764917,13.087824,15.577936,17.598017,19.718164,20.775537,21.47558,22.938349,25.756708,0.1491394,25.756708,25.905848,0.0,100.0,10.3,100.0,0.3421338,-1.3936719,1.4350529,-22.520536,18.0
1656805217,757.69495,27.994286,299.58627,299.92386,-0.7467346,299.67496,299.17712,266.28888,283.0074,290.11026,294.06744,297.10236,3.0,2.625,2.25,10.125,5.375,1.25,0.0212,0.0,10.211175,0.0,0.0,0.0,0.0,-4.604196,-5.0958986,-3.4611907,-7.9279814,-10.81164,-10.525327,1.0177124,1.2358506,1.1602081,3.2995667,3.0165496,2.041928,100462.46,100557.72,101703.53,148.9674,5909.7847,3202.259,1560.6248,832.8443,64.0,1,33.0,0.0,3600.0,18.25,-65.64,69143,29.0,1656888780,22.749994,-7.313684e-05,1,1.878,0.0,27.0,88.4,47.766735,0.4375,750.2925,-0.19109522,24.570856,1,-71.91447,-70.32584,-54.634575,-41.865685,-31.209997,-22.850256,-15.902868,-10.243139,-61.23501,-5.7406983,-2.0097108,0.4394165,3.919458,-70.915276,7.559442,10.949579,14.309504,16.959589,19.069483,20.239618,21.599512,23.690943,24.78222,-0.8734436,24.491072,23.908777,3600.0,79.2,8.6,100.0,-3.4156835,-0.4060791,3.4397376,11.947025,5.0
1676910627,756.4328,26.925,300.04117,300.638,-1.2971191,300.638,299.34088,268.16388,282.89728,290.72928,294.85532,297.75714,2.5,2.625,2.5098033,2.5,0.625,1.0,0.0237,0.0,23.3727,0.0,0.0,0.0,0.0,2.9209747,3.4802613,1.0730377,3.4282227,4.351889,2.9439971,-3.5472229,-3.9114013,2.2267456,-3.268994,-4.746213,-6.1971436,100633.31,100528.59,100636.18,56.523804,5838.3174,3115.1868,1473.3479,742.25574,56.0,1,60.0,0.19681676,0.0,-19.8,-174.35,46896,27.0,1677067200,22.332422,-1.0086914e-05,1,2.678,0.0,54.0,85.8,59.163273,0.104166664,754.9045,0.13644531,-9999.0,0,-80.19204,-67.71827,-54.51322,-40.712852,-30.024694,-21.708319,-14.632116,-9.016302,-66.7243,-4.656012,-1.328009,1.629419,5.7246947,-75.24229,9.278498,12.318506,15.111902,17.775782,20.132898,21.142023,21.996912,22.26742,24.862665,1.3448486,24.862665,26.207514,0.0,100.0,67.8,100.0,-3.9228418,-1.3359888,4.1440988,-60.10803,-78.0
1678954823,757.6321,28.276428,299.30963,299.63644,-0.9338989,299.63644,298.70255,266.83905,282.14392,290.33273,293.50522,294.88788,4.875,4.625,19.238602,15.75,4.625,2.375,0.0175,0.0,5.784775,0.0,0.0,0.0,0.0,-1.9427979,-2.6366973,-3.314299,-1.4176605,-0.18790588,-4.7264647,3.5382524,4.8623595,5.023938,3.8591309,6.748706,7.4965425,100662.414,100803.875,101157.74,101.43277,5851.113,3145.3162,1512.2932,784.0328,0.0,1,21.0,0.0,0.0,-16.4386,-39.0809,27607,26.0,1679000400,20.749964,9.743896e-06,1,0.0,0.0,21.0,68.5,25.78217,0.0,758.1181,-0.21268946,-9999.0,0,-77.47274,-65.21574,-55.07424,-44.488014,-35.19874,-25.940023,-17.991507,-11.816046,-67.63311,-5.690161,-1.5999511,2.165338,5.6174254,-73.73049,8.558527,11.527094,14.517084,17.798273,19.88708,19.777338,21.838251,23.97735,27.029657,-0.022613525,27.029657,27.007044,0.0,0.0,0.0,0.0,-3.3212183,6.351892,7.1677766,-5.3400826,48.0
1668618037,750.5797,26.148571,295.8498,295.76865,0.04989624,295.76865,295.81854,267.2214,282.9649,291.8117,295.32895,295.19354,0.875,0.375,1.1175101,4.375,2.125,0.75,0.0168,0.0,43.60165,0.0,0.0,0.0,0.0,-0.16543427,-0.37555236,6.6522613,17.194937,10.73266,5.819696,0.46910247,0.7833115,-8.342975,-4.078668,-2.1521301,-0.31539306,100389.13,100301.6,100925.72,80.7511,5862.0137,3140.5972,1496.216,761.7677,92.0,1,63.0,0.084667206,0.0,-0.35,111.78333,46364,24.0,1668783600,22.251215,-2.061377e-05,1,2.504,1.6e-08,57.0,99.7,60.827248,0.0625,754.1148,-0.010031738,24.469324,1,-81.96615,-68.38688,-53.390434,-40.14881,-29.369818,-20.856833,-14.670568,-9.253271,-61.986916,-4.8417726,-1.5163025,2.538568,5.8283324,-73.68313,8.509241,11.5750065,14.54925,17.136713,18.931452,19.807886,20.588312,21.401575,22.333887,-0.16339111,22.333887,22.170496,0.0,100.0,50.4,100.0,-0.31883544,-0.23258057,0.39465144,-59.29152,37.0
1689357019,750.6846,30.64,302.49536,303.13876,1.3100281,303.13876,304.4488,269.76978,285.30658,292.7952,296.17218,297.94577,5.125,4.875,7.25,3.0,1.125,0.75,0.0212,0.0,2.2228,0.0,0.0,0.0,0.0,5.4122405,6.4023924,11.516611,6.770734,9.682355,8.79067,0.21457824,0.09518127,0.7016266,-0.26135558,-3.5513244,-1.3003693,100406.03,100185.7,100500.945,44.420105,5878.9243,3126.7727,1470.8394,735.3841,88.0,1,18.0,0.0,0.0,16.95,82.23333,40212,29.2,1689400800,23.552332,0.00015571227,1,1.726,0.0,18.0,52.4,65.28898,0.020833334,752.1832,0.02870044,31.870844,1,-78.402534,-65.64298,-49.62275,-36.306602,-26.391195,-19.008581,-12.266241,-9.903387,-70.141396,-3.315497,0.76098025,4.763696,7.8786254,-70.689766,11.188868,14.863092,18.117273,21.497278,23.758661,25.858637,28.036707,30.324183,34.55938,1.4134216,34.55938,35.9728,0.0,100.0,0.0,72.6,4.6394825,-0.42154786,4.658594,81.64051,6.0
1685130023,757.4826,25.860714,301.16855,302.08844,1.5736084,302.61298,303.66205,268.57672,284.3073,291.30188,295.82474,298.47745,3.25,3.375,5.0,5.0,0.875,1.5,0.0228,0.0,12.317,0.0,0.0,0.0,0.0,-1.1286682,-1.3745422,-0.25475463,-2.2671325,-4.1957216,-3.6141815,0.25012818,0.3546936,-0.18700257,-2.7892365,0.16944885,-1.5645416,100660.984,100446.56,101229.73,109.62695,5909.8823,3178.2544,1530.6228,797.6522,8.0,1,51.0,0.0,3600.0,8.97334,-79.5556,23476,31.0,1685289600,23.512598,4.7674683e-05,1,1.656,0.0,51.0,77.9,61.165615,1.375,754.72784,-0.101422854,26.049982,1,-79.28518,-67.78101,-53.22779,-40.064568,-29.35584,-20.860006,-14.956671,-9.474005,-64.46,-5.237555,-1.3462585,2.676599,6.6990905,-72.36149,10.029108,12.939112,15.609095,18.13717,20.567163,21.717157,23.027155,24.717157,27.716883,-0.78775024,27.454298,26.929132,3600.0,93.8,0.0,71.8,-0.63907164,1.5727234,1.6976075,67.21336,17.0
1681114222,744.86725,29.723572,302.57877,300.13293,0.7262573,300.13293,300.8592,267.9637,281.95947,291.24542,294.31903,295.85843,6.25,4.0,2.0000036,2.125,2.75,1.125,0.0186,0.0,0.385725,0.0,0.0,0.0,0.0,-0.724054,-0.70072937,-3.4282715,-6.513797,-6.259201,-0.5591583,-1.0393082,-1.0956208,4.256842,5.0409303,5.7917633,0.9737579,99048.14,98805.65,101270.85,111.25806,5882.888,3165.188,1527.5942,796.4988,68.0,1,18.0,0.060741674,0.0,-5.883333,-76.11667,43649,30.0,1681149600,20.891047,5.3032227e-06,1,0.832,0.0,18.0,53.3,55.389366,0.041666668,744.64526,0.00673291,24.249994,1,-81.940895,-68.05683,-54.15621,-40.47413,-30.544134,-22.075293,-15.444342,-10.003332,-65.310356,-4.919989,-1.209967,2.1093078,5.779779,-75.596275,9.21438,12.274622,14.646631,17.207453,21.434626,23.60464,25.85464,28.194635,31.450006,-0.46472168,31.450006,30.985285,0.0,20.7,41.1,21.4,-1.6617041,0.46659425,1.7259694,70.05716,138.0
1683653712,754.6113,29.96,304.14145,305.0589,-2.5169067,305.0589,302.542,269.93915,285.77722,293.92633,297.50238,297.48193,6.375,7.375,8.125,13.25,5.5,3.125,0.0212,0.0,2.740675,0.0,0.0,0.0,0.0,-5.410257,-5.5417356,1.9123596,1.678601,-0.038131714,-5.932953,-0.113974,-0.12115326,-3.0942261,-5.6714845,-0.55720216,0.00047912597,100216.64,100351.64,100642.164,57.30829,5890.0737,3144.151,1490.4572,750.83167,0.0,1,45.0,0.0,0.0,2.383,103.867,35457,32.0,1683795600,23.249994,9.299853e-05,1,1.079,0.0,45.0,61.8,56.034172,0.020833334,752.9734,-0.050049316,29.958979,1,-80.93069,-66.413414,-51.06562,-38.890007,-28.496069,-19.488577,-12.608892,-9.389471,-65.745476,-4.012152,0.6237427,4.632837,8.439417,-77.08097,11.392847,13.743067,16.552393,20.192408,23.002619,24.292627,26.21261,28.312616,31.384272,-4.2911987,31.384272,27.093073,0.0,89.5,10.3,8.1,-3.1185498,-0.059177246,3.1191113,30.221775,7.0
1679875250,733.52655,23.937143,295.86377,295.14566,7.6804504,295.14566,302.8261,267.85657,282.96332,291.25314,295.1249,292.3518,4.0,2.5,17.746065,11.375,6.5,4.5,0.0144,0.0,3.48735,0.0,0.0,0.0,0.0,-0.18565674,-0.30312806,-4.267474,-4.183655,-1.9687226,0.49861756,-1.3372605,-2.1196046,0.018945312,2.3154418,-3.9694977,-3.7183106,100872.336,100987.83,101050.96,91.00903,5860.652,3143.7542,1505.0242,774.51733,0.0,1,24.0,0.0,0.0,8.4,-82.416664,44909,24.0,1679918400,16.449976,1.8483031e-05,1,0.058000002,0.0,18.0,69.0,31.162195,0.0,740.81274,0.48710498,25.867395,1,-80.93711,-67.51264,-54.364998,-41.658028,-30.376928,-21.58492,-17.182364,-9.9354,-64.54832,-5.295325,-2.0710206,2.0336852,5.8548217,-79.00338,9.461145,12.365534,15.169306,17.839289,20.3883,21.70556,22.874079,23.710382,22.454065,7.295929,22.454065,29.749994,0.0,5.8,0.0,0.0,0.32298338,-1.6721557,1.7030629,7.9522543,22.0
1663675820,740.8949,27.212856,299.25275,298.906,-2.0439453,298.906,296.86206,269.67636,283.97153,292.3571,296.64395,296.55048,2.25,2.0,3.5,8.375,5.25,4.5,0.0186,0.0,3.459175,0.0,0.0,0.0,0.0,-1.3144805,-1.3518646,-1.9331176,-1.4870942,-4.302142,-2.7388854,1.3206024,1.3268067,-1.0246674,-3.1512818,-0.76021117,1.7381287,98826.836,98996.664,100580.57,50.147675,5851.558,3118.336,1473.417,738.4556,8.0,1,36.0,0.0,0.0,16.073055,103.60833,42176,27.0,1663761600,22.277613,2.9240968e-05,1,1.398,0.0,27.0,72.9,53.48502,0.0,739.96783,0.012245117,27.149988,1,-77.56034,-66.00762,-52.236122,-39.107338,-28.62,-21.027578,-14.2487545,-8.315435,-66.099785,-4.3682313,0.18081054,3.888269,7.8147216,-73.893364,10.8545475,13.414545,15.924585,18.981806,21.711817,22.599054,24.099054,26.271814,27.550013,-2.8390198,26.130503,24.710993,10800.0,44.1,1.7,94.0,0.003203125,-1.3140429,1.3140469,-13.439912,156.0
1684779911,760.8307,27.540714,300.1228,300.71548,-2.2467346,299.21765,298.46875,267.70038,282.24695,290.2724,294.50998,296.65268,3.5,4.0,23.853903,2.75,0.5,0.5,0.0205,0.0,0.76915,0.0,0.0,0.0,0.0,-5.632889,-5.645468,11.154566,3.6694336,-7.7730837,-7.801242,0.06000824,0.06697388,2.1467528,2.3934693,-0.17791748,1.0258362,99535.78,99656.84,101172.7,102.7222,5876.478,3158.4387,1519.0167,788.2952,24.0,1,33.0,0.108516656,7200.0,13.156695,-61.149944,63356,27.0,1684882800,21.84997,-6.759302e-05,1,1.1980001,0.0,39.0,72.9,51.37555,0.375,750.38513,0.16192578,-9999.0,0,-76.79386,-67.64387,-53.22233,-40.930122,-30.512655,-21.860006,-15.110022,-10.269659,-65.797676,-5.6524415,-1.7397217,1.8720642,5.1526732,-75.604515,8.460749,11.422663,14.469507,17.209497,19.6495,20.979517,22.945398,24.939508,27.062128,-1.1121216,26.320713,25.950006,7200.0,99.9,18.0,1.9,-2.1462646,0.91851074,2.3345478,-7.8150406,28.0
1682259025,759.352,23.432142,291.9389,293.64243,0.8020935,294.17715,294.44452,267.04172,281.201,286.42023,287.17084,290.87012,2.375,2.5,26.653109,3.25,0.25,0.5,0.0183,0.0,5.508375,0.0,0.0,0.0,0.0,-2.9347777,-3.3630219,17.490406,11.265051,1.1832062,-2.7216644,-8.519773,-9.167807,1.1291535,-2.5905213,-2.0040832,-8.640121,101426.21,101530.28,101426.516,122.43259,5830.9585,3128.3984,1502.7583,786.5802,92.0,1,81.0,9.997686e-05,7200.0,24.6539,124.675,27173,21.0,1682506800,17.649988,3.3466797e-05,1,1.044,0.0,75.0,81.3,42.73931,0.020833334,761.48505,0.05978711,-9999.0,0,-73.96439,-63.321236,-51.29319,-41.117302,-33.343163,-25.160742,-17.263906,-11.286657,-68.271645,-6.8068604,-3.19657,0.088861085,4.3125854,-79.18569,6.1813293,8.533777,11.103785,12.693781,13.5802555,13.455103,15.125086,17.130243,20.950037,0.3500061,21.183374,21.300043,7200.0,0.0,100.0,4.4,-4.823909,-8.988874,10.201468,-11.28635,-7.0
1682881251,757.81903,28.125713,300.97174,301.40027,-0.095825195,301.40027,301.30444,269.41006,284.65686,292.12323,295.21332,297.03918,4.5,4.25,12.939339,9.75,5.125,2.25,0.021,0.0,0.556,0.0,0.0,0.0,0.0,-3.8713684,-5.918933,-4.0535765,-0.048376463,-7.2846403,-8.3823395,1.7022187,2.4887207,-1.6035583,-1.3483245,2.0186036,3.3846314,100852.72,100870.67,100967.09,85.621735,5890.445,3154.8147,1504.9801,772.7174,20.0,1,24.0,0.0,0.0,-7.983333,131.3,46399,27.0,1682942400,23.78866,-0.00019180505,1,1.034,0.0,24.0,79.3,56.29466,0.16666667,755.69617,-0.10157544,-9999.0,0,-82.82159,-67.199135,-52.632957,-39.22941,-28.535208,-21.930334,-13.7278805,-8.372747,-64.6292,-4.119574,-0.30185547,3.8202758,7.5613036,-76.72225,10.902277,14.048334,16.621393,18.545923,20.250513,21.420496,23.377436,25.480494,27.661737,0.049621582,27.661737,27.711359,0.0,100.0,2.6,0.8,-5.6382713,1.6480371,5.8741918,-41.826958,60.0
1681068024,744.4451,27.515,302.8497,302.53854,-0.20291138,302.53854,302.33563,270.43265,284.9387,292.45673,298.47256,296.23605,6.125,6.125,7.625,10.625,1.375,5.125,0.0226,0.0,8.147125,0.0,0.0,0.0,0.00032,0.7436615,-0.8915497,2.7696166,2.6768677,3.9455504,1.0477234,2.240216,2.9675384,4.9215574,0.7372986,-0.2746277,1.9712708,98135.375,98094.875,100562.31,48.50067,5867.8765,3129.6787,1480.2649,741.89844,44.0,1,66.0,0.11491648,0.0,9.33371,123.3,27257,33.0,1681279200,19.988642,0.00036768042,1,1.477,0.0,66.0,55.1,41.206287,0.0,728.974,-0.80822605,28.999994,1,-82.47459,-68.10197,-52.817146,-39.73156,-29.28617,-21.811285,-12.509985,-7.9674134,-66.75422,-4.3639894,-1.1382202,2.942285,7.440149,-75.1475,11.392542,14.19256,15.323145,18.092646,22.35528,24.535303,26.723139,28.794703,30.026148,-1.882904,30.026148,28.143244,0.0,98.2,9.7,39.8,-1.5302294,1.8210156,2.378592,57.147053,-14.0
1682137830,754.1137,27.088572,302.68442,301.79312,-1.1873779,301.79312,300.60574,269.64297,284.3893,293.29733,298.64886,298.90945,4.125,2.625,9.949867,4.125,1.75,3.625,0.021626795,0.0,1.4788,0.0,0.0,0.0,0.0,0.16270752,0.42996216,-3.2872558,-6.011139,-0.41205445,0.60506594,-1.2634506,-2.3952224,-1.3597596,1.9241486,0.1384613,-2.4064147,100406.84,100586.836,100651.38,57.939056,5884.6333,3144.469,1493.9053,753.5999,48.0,1,48.0,0.0,0.0,0.116667,111.53333,46365,28.0,1682251200,24.550013,-1.2838989e-05,1,1.506,0.0,42.0,96.6,62.995235,0.7083333,752.73975,-0.012104981,27.842524,1,-82.73043,-67.68433,-52.995476,-39.28042,-28.95011,-20.798712,-14.327093,-8.959997,-63.662773,-4.2980714,-0.22461548,2.9851928,6.444696,-81.5667,10.727198,12.827204,17.357203,19.610376,22.81991,24.57992,26.239893,27.5599,25.096125,-1.005188,25.096125,24.090937,0.0,70.8,70.4,9.4,1.3405175,-0.64230466,1.4864529,-20.922186,22.0
1678760419,757.099,26.942858,298.17273,298.35556,-0.03277588,298.35556,298.32278,268.73364,283.12564,291.28174,294.75415,297.67807,0.5,0.375,9.098219,1.5,0.0,0.0,0.0199,0.0,37.1644,0.0,0.0,0.0,0.00013,-3.3183715,-4.637576,-6.432678,-4.3915987,-4.0715394,-8.478323,-0.7209228,-1.0155884,-7.7126646,-4.375293,-4.94776,-3.6658387,100609.41,100674.72,100891.27,78.29965,5869.2686,3139.476,1495.0535,762.3804,80.0,1,75.0,2.503067,0.0,-18.05,178.56667,46322,24.0,1678978800,22.68313,-0.00020934461,1,1.031,6.34e-06,69.0,96.8,57.204025,0.8958333,753.40015,-0.075610355,24.183527,1,-81.09211,-68.1973,-53.00451,-40.47117,-29.919348,-22.524038,-15.7574215,-9.967291,-71.05079,-4.91001,-0.55536497,2.8861022,6.3306518,-76.645546,9.923609,12.82696,14.946955,16.936945,19.116968,20.29696,21.807001,23.529749,23.249994,-0.25741577,23.249994,22.992579,0.0,29.4,73.4,0.3,-1.141687,-0.94217527,1.4802512,-43.031097,5.0
1689787220,760.2806,22.785,296.8406,297.98462,0.59664917,298.1835,298.58127,269.48077,281.36987,287.1909,291.74326,293.08044,4.625,4.625,18.375017,10.125,4.125,3.125,0.0184,0.0,0.0542,0.0,0.0,0.0,0.0,-3.7554488,-5.1683564,-0.45742187,8.812286,-14.472211,-11.008334,0.356987,0.36489257,-4.939389,-2.4557252,3.1111207,1.2181091,101555.95,101667.305,101567.414,136.67584,5887.5103,3148.8628,1534.1664,813.0484,64.0,1,57.0,0.0,3600.0,-12.4147,130.877,37240,21.0,1689976800,18.549982,5.2875e-05,1,0.78699994,0.0,57.0,74.1,32.731094,0.0,760.4495,-0.03711377,-9999.0,0,-77.686424,-67.35032,-52.065666,-39.699196,-29.339956,-20.300589,-12.425024,-8.652472,-61.380684,-4.5170045,3.0142455,6.673486,7.1599364,-72.07571,8.331476,8.269953,10.919947,14.292536,17.807459,19.438684,20.938684,21.886927,23.430384,1.1919556,23.827702,24.62234,3600.0,76.7,2.0,0.0,-4.8702297,0.5136719,4.897244,5.794286,27.0
1668315012,749.3569,24.677143,295.42776,296.26297,-0.70547485,296.26297,295.5575,267.89374,280.4106,284.87057,288.7474,290.5991,6.0,5.625,29.998833,30.0,1.75,1.25,0.0159,0.0,3.79925,0.0,0.0,0.0,0.0,-4.3696775,-4.5109496,8.094317,6.7098145,-0.22225341,-4.9237795,5.385976,5.6295595,9.372561,7.181897,7.1266847,6.9963684,100410.25,100523.586,101465.53,126.45734,5830.6313,3124.0017,1510.4836,797.5175,20.0,1,48.0,0.00030001006,0.0,-20.434444,57.683613,38603,22.0,1668427200,17.488855,-9.877442e-06,1,0.91,0.0,42.0,70.9,30.819834,0.041666668,759.49347,-0.43666846,-9999.0,0,-71.86184,-63.734245,-53.301186,-45.98728,-36.041542,-25.738821,-17.858847,-11.505774,-65.3131,-6.5210633,-1.742041,1.781305,4.1958556,-69.36233,5.5454955,7.739618,10.42724,11.27627,13.753962,15.381342,17.464258,19.567133,23.050074,-0.23904419,23.050074,22.81103,0.0,0.0,91.0,0.0,-4.166033,6.2894263,7.5440516,36.05565,38.0
1663092034,746.03076,23.696428,296.91125,296.62622,6.629608,298.8361,303.25583,267.78418,282.92484,292.8581,297.37524,295.9092,0.5,0.375,9.28527,9.875,1.125,2.625,0.0177,0.0,1.093775,0.0,0.0,0.0,0.0,2.7334259,2.6883178,-9.1990385,-14.360959,-5.371405,0.7328827,0.10229798,-0.0049987794,2.2039123,-0.2984497,-0.68470156,2.2438416,99442.79,99574.28,101119.945,97.53552,5882.988,3169.5078,1521.7881,783.6242,12.0,1,42.0,0.0,7200.0,12.5723,-12.2203,15949,24.0,1663228800,21.79104,3.8264527e-05,1,0.531,0.0,48.0,94.2,44.080544,0.0,742.4034,0.09297217,24.479609,1,-77.1426,-68.01533,-53.608223,-41.23104,-31.297934,-23.481527,-17.175543,-11.068731,-63.910255,-6.6142945,-2.7490296,1.6704346,5.9677672,-73.60955,10.485773,14.620295,17.910303,20.74026,23.340296,24.454401,24.900293,24.254389,22.773127,3.4492493,25.072626,26.222376,7200.0,30.5,0.0,22.6,0.18677734,1.7090259,1.7192019,17.572388,173.0
1656597015,687.04956,18.715714,299.89093,296.59863,2.7221375,296.59863,299.32077,269.05103,284.40826,290.13348,295.874,292.0218,6.0,4.5,17.754957,17.0,1.0,3.375,0.0168,0.0,1.37135,0.0,0.0,0.0,0.0,-3.174707,-3.3345337,-2.1186829,-4.8431334,-7.1476197,-3.4423585,0.8073822,0.8844803,-1.5941894,0.5971314,2.7932982,0.91375124,91573.11,91427.89,100916.65,79.506226,5867.191,3137.7192,1495.8357,764.14435,8.0,1,27.0,0.0,0.0,-6.9,107.583336,46347,25.0,1656644400,13.35,2.0955811e-05,1,0.90400004,0.0,21.0,49.7,19.1984,0.0,679.9546,-0.28077686,20.56933,1,-78.983986,-67.85,-52.707207,-39.65725,-29.69924,-21.03414,-14.942785,-8.755224,-64.173836,-2.8599916,1.6900269,4.0291686,7.0027404,-74.56463,10.0368595,13.016138,15.697504,18.191614,22.416376,24.590906,26.08642,27.540918,24.539637,2.9714355,24.539637,27.511072,0.0,90.4,0.0,0.0,-1.2760376,-1.0146167,1.6302512,49.903954,769.0
1665619820,728.5678,26.82643,307.66953,306.85883,-0.21520996,306.71536,306.64362,269.116,281.5229,292.5307,299.49847,294.1126,13.375,12.5,29.98725,5.5,3.125,7.75,0.0173,0.0,2.2461,0.0,0.0,0.0,0.0,-1.5086426,-1.4857147,-2.1549835,-8.307547,-5.323349,-2.8833556,-1.4836166,-1.5551026,2.1265807,-0.07929077,-1.3846252,-2.3711731,98488.22,98191.42,101110.305,96.423706,5890.1255,3172.6575,1533.5757,794.5609,12.0,1,51.0,0.21578336,7200.0,-6.115278,-50.00139,27524,30.0,1665766800,16.936274,-2.2744507e-05,1,1.334,0.0,45.0,31.6,37.081173,0.0,733.4103,-0.093879394,27.950006,1,-79.61106,-68.63926,-53.493553,-42.796577,-31.678946,-22.303793,-14.717474,-10.995581,-61.107307,-3.556891,0.9017273,0.28920898,4.177484,-68.886894,8.652643,11.394922,16.004908,20.762629,25.524927,27.95492,30.404932,33.20263,36.21572,-0.06692505,36.171104,36.148796,7200.0,100.0,0.0,33.4,-1.1843457,-1.0686669,1.595219,64.94616,623.0
1684049105,728.13715,30.14643,307.1375,306.23444,4.4132385,306.23444,310.64767,268.75928,284.5871,299.61865,304.2674,288.06277,18.0,18.125,29.964766,7.25,20.125,21.25,0.0124,0.0,0.279,0.0,0.0,0.0,0.0,4.132913,4.126874,9.803668,6.7939086,8.126828,7.706735,-0.83144987,-0.831662,-6.852051,-4.4420958,-4.7079744,-4.959488,97313.81,97311.875,100538.03,42.46811,5875.3896,3162.865,1495.0614,744.31165,0.0,1,51.0,0.0,0.0,21.233334,81.65,40107,31.0,1684206000,7.9585204,0.00011905371,1,0.789,0.0,51.0,14.6,26.128801,0.0,728.98047,-0.028496826,36.991478,1,-80.07865,-63.586723,-47.99717,-36.402184,-29.164007,-24.81127,-18.056326,-12.482977,-66.64477,-8.509985,-4.979193,0.94851077,7.3529906,-80.76055,13.379328,18.954706,23.86471,27.535578,31.385553,33.700066,36.07006,38.730064,39.42913,3.5744324,39.42913,43.003563,0.0,3.3,0.0,75.6,3.5458033,-3.640515,5.081936,40.209564,302.0
1683615912,760.54034,25.088572,297.98642,299.2859,-0.084198,299.22977,299.2017,266.8792,281.02594,289.47885,292.39056,295.6966,3.5,3.375,30.0,6.75,4.25,0.5,0.0215,0.0,39.03805,0.0,0.0,0.0,0.0,-11.023651,-12.730374,-3.0417786,-2.8093262,-10.335541,-13.049688,1.3603928,1.2974488,8.948987,2.0951722,-0.70560914,-0.15737304,101376.28,101510.75,101390.3,121.36481,5859.9517,3158.9893,1525.6573,800.8954,20.0,1,75.0,0.061082203,7200.0,-20.1361,-157.345,24254,25.0,1683867600,21.969446,-3.9040893e-05,1,0.07,0.0,81.0,79.8,36.66637,0.104166664,760.84875,-0.017453369,-9999.0,0,-75.7835,-62.709236,-50.248833,-40.4815,-34.158653,-24.730001,-18.099997,-11.724737,-66.85537,-7.0628724,-1.5270752,2.4002013,5.2781615,-77.732475,8.244165,10.254175,13.122156,15.7321415,17.346125,18.422144,20.132135,22.156122,25.648981,-0.016937256,25.63769,25.632044,7200.0,0.0,7.0,0.0,-10.917224,1.0969604,10.972197,-13.206694,-495.0
1684980044,683.3355,20.064285,299.5072,295.78052,-0.51416016,295.78052,295.26636,269.08588,283.49527,291.51437,295.13876,295.61856,3.0,0.125,23.75,4.0,0.125,0.125,0.0179,0.0,27.1415,0.0,0.0,0.0,2e-05,-0.5212647,-0.49190673,-2.746875,-4.8771605,-5.400775,-3.43237,-0.19081727,-0.17808533,-2.9289308,-1.2351501,-1.9311523,-1.113034,94379.23,94328.89,101395.57,120.75299,5914.9077,3187.2478,1540.0938,806.4712,64.0,1,87.0,0.16791661,0.0,10.286111,-66.81611,32149,24.0,1685242980,21.009058,3.8944825e-05,1,1.977,0.0,81.0,95.5,52.631077,0.0,727.7942,0.1969214,24.58352,1,-78.9184,-68.67184,-52.557503,-39.62252,-29.369879,-21.251959,-15.310034,-9.575689,-65.01762,-4.2179017,-0.78430784,2.6184325,6.300775,-74.5315,9.791254,13.148249,15.782038,18.479029,20.979364,21.999537,22.639765,22.646906,21.747217,-0.65982056,21.747217,21.087397,0.0,100.0,2.3,95.4,0.58055174,-0.54819334,0.7984712,-51.383842,555.0
1679589034,703.11005,22.772142,296.17868,292.13223,-0.9614258,292.13223,291.1708,266.8761,282.94122,293.2087,294.92493,286.37415,8.875,5.625,8.615694,15.625,10.0,9.25,0.0101,0.0,0.0,0.0,0.0,0.0,0.0,-0.38108826,-0.44913942,14.59466,3.7294495,4.3132873,-0.36843872,-0.2105072,-0.21660157,1.1219604,2.2858245,-1.74151,0.09406433,94680.61,94821.5,100904.26,77.61728,5842.925,3128.8628,1490.0387,754.5183,0.0,1,45.0,0.0,0.0,19.29889,97.975555,42129,23.0,1679691600,10.4500065,7.743396e-05,1,0.0139999995,0.0,39.0,56.1,27.426338,0.0,702.61066,0.1025708,25.749964,1,-80.84087,-66.390495,-52.594826,-39.515434,-28.586264,-19.017065,-13.366186,-10.952581,-71.23112,-7.3664613,-2.899939,2.0573058,6.1570373,-81.30033,9.017389,11.872248,16.477045,20.027033,22.427057,22.032251,21.06228,22.50738,19.356623,-0.15460205,19.356623,19.20202,0.0,1.4,0.0,0.0,-0.35788575,0.4688281,0.58981526,-33.82544,285.0
1683264309,758.1315,28.267857,300.25165,300.97116,0.40753174,300.97116,301.3787,269.26416,284.1989,291.53174,295.5187,298.34366,2.875,2.5,2.9124892,3.375,1.5,0.75,0.0253,0.0,0.009175,0.0,0.0,0.0,0.0,-5.659784,-6.148834,8.159439,5.706586,-3.0635986,-3.233087,-2.8445008,-2.8839004,2.507016,0.25624388,-1.3400879,-2.9908996,100780.34,100578.766,100780.805,69.72128,5870.9966,3137.489,1489.7582,756.62573,48.0,1,24.0,0.0,0.0,7.35,149.2,46515,29.0,1683331200,23.653467,1.9589967e-05,1,1.705,0.0,30.0,76.1,59.256107,0.104166664,755.9494,-0.003796875,-9999.0,0,-82.14701,-67.055916,-51.340202,-38.81141,-28.702124,-19.897192,-13.335211,-7.5700135,-64.83987,-4.2535157,-1.0289673,3.0339904,6.7732787,-76.61141,11.338068,14.2729435,16.45321,18.313196,20.383509,21.453547,23.12353,25.288294,28.203821,-0.045654297,28.203821,28.158167,0.0,71.3,6.9,92.3,-2.9491112,-1.6378125,3.3733792,58.4283,-164.0
1685235643,723.5235,39.897144,312.81146,311.21634,-3.823944,309.94168,307.3924,267.20142,284.58484,298.51987,305.85944,293.79758,18.375,17.25,30.0,13.25,9.375,14.75,0.0203,0.0,5.898275,0.0,0.0,0.0,0.0,0.48044127,0.51998293,2.739148,5.179086,1.6701905,1.1560974,-2.545569,-2.5019348,0.5748413,-2.3449616,-3.980188,-3.5469422,97212.3,97119.52,100402.94,26.96994,5877.768,3158.2727,1493.8202,739.7825,0.0,1,21.0,0.0,3600.0,21.0922,79.0472,34398,35.0,1685268000,13.557459,8.3687744e-05,1,0.91499996,0.0,15.0,21.3,37.851242,0.020833334,727.08905,0.1366521,45.15902,1,-76.04594,-63.528618,-52.79473,-42.207695,-31.995718,-23.21932,-15.8285885,-10.180029,-64.942924,-6.450415,-1.751654,0.45614013,5.8747497,-77.30459,11.382196,16.681513,21.851099,26.915339,31.766962,34.16033,36.563683,39.104546,39.57641,-1.1115723,39.205887,38.464836,3600.0,0.0,27.3,64.2,4.4390993,-3.9420838,5.936803,44.550426,308.0
1662233430,758.386,28.421429,300.60736,301.57544,0.30007935,301.57544,301.87552,268.71136,284.87848,290.55624,294.50815,296.10736,5.625,5.375,9.25,19.375,5.625,2.5,0.0244,0.0,0.0,0.0,0.0,0.0,0.0,-4.284372,-4.6660585,-3.2735932,-5.239456,-6.153305,-6.018173,-0.21050568,-0.17402954,1.8122314,-0.72279054,-2.7546875,-1.442865,101089.125,101030.39,101096.805,97.15704,5886.7295,3154.39,1510.9976,782.1833,0.0,1,27.0,0.0,0.0,12.5836,-81.7112,30364,30.0,1662303600,23.254877,6.507153e-05,1,1.021,0.0,33.0,75.7,42.838432,0.16666667,758.5493,-0.03375635,-9999.0,0,-76.70754,-68.84408,-53.37342,-41.12516,-31.355825,-22.645483,-15.040014,-9.845221,-61.13035,-4.8920655,-0.69370115,4.09469,8.040125,-71.67477,11.010584,13.438898,15.451136,17.651148,19.78988,20.919855,22.560358,24.690332,27.86172,0.013336182,27.86172,27.875055,0.0,100.0,2.1,0.0,-2.3519385,-2.18146,3.2078626,53.055553,-26.0
1676164824,678.5443,19.422142,300.77155,296.63202,2.0420227,296.63202,298.67404,268.31146,283.80988,291.4997,296.71234,293.92163,4.5,2.5,5.6704564,3.625,2.125,3.625,0.0193,0.0,37.42605,0.0,0.0,0.0,0.0,0.6518097,0.6535431,-0.4199829,-3.512848,1.4075683,0.73531187,-0.2105011,-0.21277007,2.749591,2.7384613,1.401355,-0.16274413,90942.03,90758.86,100945.15,80.45584,5877.4487,3153.1008,1504.1875,769.2811,12.0,1,75.0,0.0,0.0,7.1,-73.2,43518,24.0,1676386800,19.249994,-1.064624e-05,1,0.822,0.0,69.0,75.9,38.36705,0.104166664,674.08356,-0.37954637,20.899988,1,-81.083534,-66.04664,-53.065086,-41.39332,-31.6657,-22.10282,-13.891302,-7.5878663,-68.0984,-3.3560243,-1.4306091,2.3628783,6.733545,-78.641884,10.278345,13.471277,16.118525,18.127008,22.790918,24.522333,26.030146,27.475977,23.706812,1.6186829,23.706812,25.325495,0.0,5.0,3.3,73.9,1.5213842,-1.5236572,2.15317,55.86424,1101.0
1684178705,759.81854,25.390715,301.7342,303.66568,-0.6867981,303.43674,302.97888,268.08606,283.50366,290.84668,295.2424,297.3649,5.625,6.125,3.2795296,2.0,0.5,1.25,0.0199,0.0,6.022325,0.0,0.0,0.0,0.0,-3.3396118,-5.626404,-6.62211,-6.209204,-6.141809,-7.2121124,-0.29494476,-0.45683593,1.5972748,3.0511231,0.2603485,-0.3156372,101349.96,101109.64,101376.38,122.21469,5916.922,3185.5818,1541.7112,810.20807,36.0,1,27.0,0.020241579,3600.0,6.566667,-58.13333,68336,29.0,1684252800,24.249994,4.322949e-05,1,1.3,0.0,27.0,77.5,62.58716,0.7083333,757.9222,-0.067399904,25.749994,1,-81.73676,-68.09008,-52.36274,-39.519997,-28.716146,-21.01824,-14.630072,-9.326117,-65.340294,-5.058295,-0.5000061,3.653833,7.1100707,-73.789986,10.240107,12.968927,15.495417,17.861414,19.232538,20.95254,23.021418,25.102533,28.498896,1.075531,28.857405,29.574427,3600.0,74.9,50.1,5.0,-2.691753,-0.62631106,2.7636569,76.8656,9.0
1687044310,761.8616,24.419285,297.608,298.62665,0.25369263,298.7112,298.88034,266.10004,282.23578,289.77975,293.3464,296.33636,1.875,2.125,5.75,7.5,0.375,0.625,0.0209,0.0,33.0993,0.0,0.0,0.0,0.0,5.590538,5.978418,25.622227,15.262952,8.90376,8.19498,-0.4155243,-0.21432343,-3.4693115,-1.1128204,-2.1845124,0.2743683,101056.93,101093.01,101062.91,92.88263,5844.8003,3135.2456,1501.8826,773.8354,64.0,1,42.0,0.0007832845,3600.0,-20.1361,-157.345,24254,26.0,1687158000,21.600977,-4.4730226e-05,1,1.018,0.0,36.0,79.6,51.756683,0.16666667,758.8103,0.033844482,-9999.0,0,-77.29786,-66.060936,-52.77883,-40.64985,-30.03565,-23.825628,-17.758734,-12.446295,-62.702644,-7.668219,-3.1724305,1.0237976,5.037927,-71.02242,8.334345,10.786493,13.682398,16.269403,18.5953,19.533533,20.209467,22.227411,25.30099,-0.285614,25.205784,25.015375,3600.0,60.4,0.7,40.7,4.700498,-0.8206665,4.771601,-41.549065,-495.0
1687943422,746.62024,20.62143,299.67197,300.78696,4.19812,302.18634,304.98508,268.6458,285.17072,291.34164,293.73163,295.2183,3.875,5.5,6.875,7.875,2.125,0.625,0.0182,0.0,0.4807,0.0,0.0,0.0,0.0,-0.3422455,-0.2561081,-5.945108,-6.9065676,-1.0423279,-0.35155028,-0.40874022,-0.42259368,-0.6761597,0.30036315,-0.93780214,0.58059996,100285.05,100013.67,101030.055,90.553894,5892.5903,3152.6694,1503.4536,773.5377,12.0,1,15.0,0.0,3600.0,-2.15742,-79.8836,28832,29.0,1687968000,22.049982,1.6369262e-05,1,0.889,0.0,15.0,69.0,50.867912,0.0,754.6128,0.02575586,25.859003,1,-75.34345,-68.00106,-53.373756,-40.66799,-28.993414,-20.14614,-14.585241,-9.222113,-63.67147,-4.429999,-0.18967286,4.1451354,7.9652953,-75.05471,11.015284,13.935297,16.223932,17.413935,19.33639,19.636377,21.636377,23.83639,28.265528,4.837311,29.877964,33.102837,3600.0,1.7,87.2,0.0,0.9653955,0.5487134,1.1104391,58.126225,8.0
1668876620,756.79474,29.432142,302.01984,303.4781,5.0563965,306.0063,308.5345,269.0149,283.72797,292.73062,298.22717,293.4454,8.25,9.75,4.3162026,6.125,4.625,7.5,0.0171,0.0,0.0038,0.0,0.0,0.0,0.0,-0.25150147,-0.4831482,-9.853561,-6.9404817,-1.4830506,-2.8356566,0.78931886,0.844751,1.9605987,-3.0315888,-0.67592466,-1.1615906,100389.516,99903.81,100848.055,74.822174,5878.346,3145.5784,1501.792,764.4212,0.0,1,75.0,-8.333358e-06,10800.0,16.79611,100.27583,42161,34.0,1669096800,23.27102,4.6603636e-05,1,0.515,0.0,72.0,63.7,55.280025,0.0,751.0472,-0.0006706543,26.649988,1,-83.511345,-68.50741,-52.6231,-39.765526,-29.470572,-20.349997,-14.120398,-7.7745423,-64.90609,-3.752234,-0.05725708,3.3240294,7.0506835,-75.216774,10.478205,13.233576,16.210474,19.419947,21.18841,23.376184,25.60003,27.83639,30.916224,0.06536865,30.916224,30.981592,0.0,47.8,0.0,3.7,1.0506885,-2.0101366,2.26817,50.804554,46.0
1667364614,757.44495,26.195,294.6734,295.64108,-0.07614136,295.64108,295.56494,267.87726,282.1547,288.93124,290.81467,294.7392,0.75,0.75,2.386827,0.0,0.0,0.0,0.0208,0.0,42.8474,0.0,0.0,0.0,0.00039,2.994812,3.837082,5.1448946,4.5009065,-1.5233856,3.2422454,3.8595672,6.5011473,-4.671808,-7.7461367,6.176706,14.531476,101133.48,101244.14,101178.15,102.18164,5855.198,3133.4385,1499.0901,775.3227,92.0,1,54.0,1.482366,0.0,-14.816,-39.0332,27559,27.0,1667498400,20.898645,0.00016956689,1,2.625,0.0,48.0,93.7,57.517475,0.5,757.17914,0.20575976,23.169306,1,-76.8312,-68.96531,-54.662422,-41.480263,-30.4495,-22.02619,-15.457983,-10.041021,-63.19146,-5.698096,-1.926184,1.0702454,4.863153,-72.73345,7.7628417,10.202875,12.652857,15.022547,17.292566,17.69259,18.378443,19.672998,21.978662,-0.38571167,21.978662,21.59295,0.0,75.6,86.9,100.0,2.0443213,2.7725537,3.44475,41.032825,4.0
1659163226,732.23114,18.035715,298.66055,296.28214,1.6512451,296.28214,297.93338,264.91348,277.88525,286.2164,289.77856,287.4506,10.75,8.5,30.0,4.5,0.125,3.5,0.011,0.0,0.02745,0.0,0.0,0.0,0.0,-0.114926144,0.032705687,9.266507,6.416519,-2.9448853,-1.0231262,-1.9183899,-1.9974549,1.9575927,1.0879211,-7.2328734,-2.242395,98475.125,98228.41,101950.445,168.40695,5847.933,3173.1182,1558.6492,842.225,56.0,1,39.0,0.0,0.0,-19.4707,-42.4876,27560,24.0,1659279600,15.891504,-1.35377195e-05,1,0.938,0.0,36.0,82.4,28.160505,0.0,738.12964,-0.0064882813,20.56933,1,-70.15447,-64.83793,-56.184258,-46.245018,-35.612465,-26.867056,-19.87,-13.8664,-60.594154,-8.540869,-4.388037,-1.906195,0.6930176,-66.8758,4.453302,9.163294,9.373316,11.452997,13.967157,15.007166,16.087183,17.91302,18.934168,2.2530823,19.685194,21.18725,10800.0,0.0,93.8,0.0,0.03623291,-0.6288501,0.62989306,53.229176,252.0
1669294225,757.0353,28.44143,302.58063,303.91162,-0.71295166,303.4363,303.19867,267.53998,283.65564,293.12747,297.01428,297.84708,5.5,5.75,11.057495,7.0,5.0,2.875,0.0253,0.0,2.5e-05,0.0,0.0,0.0,0.0,1.9139801,1.9779907,-4.8148193,-4.553561,-4.1310334,-1.2657166,0.5234772,0.39042968,1.1774536,0.84594727,-0.2513977,-0.97190857,100956.586,100705.19,100961.266,86.21347,5881.9487,3162.3103,1513.3208,777.46686,8.0,1,27.0,0.0,7200.0,-8.52029,140.418,35131,29.0,1669352400,23.133204,4.2048705e-05,1,1.314,0.0,21.0,61.5,56.801136,0.14583333,756.20294,-0.10341797,28.43194,1,-81.55004,-67.02688,-53.168785,-40.96055,-30.306112,-21.47817,-14.956549,-10.304602,-64.87,-6.3100038,-2.2009034,2.2340026,6.6216674,-75.3382,10.801691,14.308802,16.685968,18.400324,21.749048,23.7828,25.701685,27.588373,31.344446,-2.2287903,29.858585,29.115656,7200.0,96.6,28.2,6.6,2.5147192,2.2249901,3.3577363,53.50423,5.0
1685316023,713.4787,23.680714,299.5758,297.3017,-1.039978,296.60837,296.26172,268.96002,284.09042,291.69025,296.66013,294.19458,4.25,3.0,6.75,4.375,0.25,2.75,0.0168,0.0,13.3573,0.0,0.0,0.0,0.0,-1.4008529,-1.5071777,-4.0870667,-2.0859497,-3.833795,-3.8255553,-0.93135375,-0.92965543,2.069922,3.4898133,2.914856,-0.7265686,94420.58,94342.125,101068.61,91.20416,5898.119,3162.2996,1514.8445,779.6377,64.0,1,39.0,0.12357521,7200.0,9.906953,-67.37964,32239,25.0,1685422980,20.549982,1.5288819e-05,1,2.418,0.0,33.0,90.1,54.429077,8.729167,700.5593,0.022467285,24.66073,1,-81.36744,-68.168785,-52.571053,-39.71369,-29.126654,-20.845404,-14.156683,-8.848303,-63.554634,-4.2485414,-0.37229005,3.3801818,6.6883483,-73.95617,9.774897,12.564905,15.248346,18.244898,21.70489,23.375269,23.745234,25.20489,22.307947,-1.203064,21.505903,21.104883,7200.0,100.0,41.8,100.0,-1.7457958,0.95768553,1.9912219,-57.08888,459.0
1689489029,763.2915,26.87143,302.409,304.6058,2.490631,304.6058,307.09644,267.1965,283.38422,292.02542,296.23074,298.02573,5.375,6.375,4.375,10.875,4.75,2.75,0.0231,0.0,0.0,0.0,0.0,0.0,0.0,1.6133591,2.1035843,2.395514,6.7379274,3.2354736,1.9099945,1.9231339,2.7006135,0.027816772,1.7313721,2.1302063,4.237155,101697.57,101624.375,101750.71,155.43631,5936.2676,3223.3728,1579.3558,845.33417,32.0,1,15.0,0.0,0.0,26.1973,-80.1707,18785,33.9,1689522780,21.45254,5.5748536e-05,1,1.065,0.0,15.0,50.8,51.04826,0.041666668,762.7122,-0.12245142,33.942528,1,-73.45304,-66.739494,-53.02375,-40.369576,-30.783484,-22.859823,-16.364416,-11.120977,-62.161842,-6.6900086,-2.0685487,1.7244202,5.8506713,-67.96717,10.019526,13.57049,16.500483,17.528101,21.204706,23.404718,25.605433,27.904749,32.89779,3.4475098,32.89779,36.3453,0.0,100.0,1.5,5.0,1.9407325,1.7873023,2.6383502,57.385433,6.0
1662913224,757.3954,28.061428,302.19724,303.10144,0.22912598,303.10144,303.33057,267.3891,283.08438,291.482,296.27618,297.1355,6.125,5.875,7.429273,3.875,4.875,4.375,0.0259,0.0,0.0,0.0,0.0,0.0,0.0,3.2900605,3.6903992,-3.0700867,-0.67977905,1.967624,3.4559264,1.0910705,1.1905181,1.7368225,-0.9820312,-0.74551696,-1.1246277,100800.43,100678.39,100899.93,80.24594,5865.0615,3146.9988,1502.3833,769.4292,0.0,1,27.0,0.0,0.0,7.36765,134.544,26758,29.0,1662954600,22.950006,7.606482e-05,1,2.59,0.0,21.0,76.6,55.37451,0.020833334,757.06854,0.0164917,-9999.0,0,-76.31092,-67.82,-53.46485,-40.70672,-29.94776,-21.828527,-15.268438,-9.919378,-60.847466,-5.001105,-0.8151306,1.9064575,5.2996764,-72.2362,9.098322,12.07284,14.968958,17.781488,20.81347,21.541498,22.191492,24.208155,27.448786,0.33081055,27.448786,27.779596,0.0,100.0,71.4,87.6,1.5649414,-4.3315063,4.605539,84.82143,36.0
1675892419,754.5789,27.35357,296.3444,296.3823,-0.16256714,296.3281,296.21973,266.79248,283.1144,290.79865,295.65726,295.76776,0.625,0.5,2.6014624,4.5,1.5,2.625,0.0171,0.0,32.18385,0.0,0.0,0.0,0.0,0.9908203,1.3911438,-0.7810974,2.9037995,-1.779303,-0.122702025,-1.1149476,-1.5200074,-2.9981537,-1.2123626,-1.0601685,-0.2233429,100302.945,100238.73,101033.59,90.07425,5868.9556,3146.383,1507.3037,774.8534,56.0,1,75.0,0.0,3600.0,3.13058,101.549,35485,25.0,1676131200,22.749994,3.308325e-05,1,1.066,0.0,75.0,91.2,57.911087,0.22916667,756.4255,0.021354005,26.580011,1,-78.60845,-69.50738,-54.020454,-40.730003,-30.201666,-21.417166,-14.7096,-9.728674,-67.56278,-5.318854,-1.1350769,2.6523986,5.891046,-75.5236,8.997644,11.923914,14.84231,17.914148,21.050226,22.554468,23.975183,25.325281,24.266077,-0.42855835,24.123224,23.837519,3600.0,100.0,0.0,6.6,-0.12679932,-0.50734866,0.52295387,-69.08317,23.0
1673436629,748.3407,23.172857,298.5414,297.6819,-0.38510132,297.6819,297.29678,267.38116,282.85602,289.98914,292.9672,292.76038,5.875,4.875,10.163414,13.25,5.75,1.375,0.0162,0.0,0.004625,0.0,0.0,0.0,0.0,-2.5449462,-2.7140305,-4.954404,-5.129672,-13.408277,-8.059296,-0.68560636,-0.49294433,1.0019805,-1.0234497,-6.137451,-3.8193755,99528.42,99357.07,101248.94,109.01254,5870.8975,3157.8438,1515.8915,790.8238,24.0,1,54.0,0.00050833327,0.0,10.6,-85.53333,44651,26.0,1673589600,19.406763,-7.124646e-05,1,0.89,0.0,54.0,86.3,43.27413,0.0,754.2571,0.023817627,25.749994,1,-78.65246,-66.65623,-54.231117,-43.679375,-33.230965,-25.228079,-16.775549,-10.328833,-69.51887,-6.36991,-1.9502624,2.3207946,6.288049,-76.52447,9.798761,12.41131,14.404352,16.477869,19.208582,20.58047,21.965754,23.002436,21.836145,-0.41293335,21.836145,21.423212,0.0,84.9,1.5,2.6,-0.6961499,-0.83691406,1.0885999,-78.7372,81.0
1659198629,762.579,28.412857,299.65375,301.39853,-0.049438477,301.36557,301.3491,266.6612,283.82492,292.63855,293.9905,297.7124,2.875,3.5,14.500013,13.0,5.875,0.625,0.023,0.0,0.2939,0.0,0.0,0.0,0.0,-8.4882145,-9.736972,-2.393695,-8.315979,-8.525195,-11.683581,0.18110962,0.16916505,1.6734527,2.696509,1.8067414,1.0099792,101989.53,102053.125,102002.91,176.1221,5956.7983,3241.341,1592.0745,860.0756,64.0,1,48.0,0.0,7200.0,24.0633,-74.524,24094,29.0,1659319200,25.071589,2.692627e-05,1,0.0,0.0,42.0,82.3,41.563335,0.0,765.45496,0.02325537,-9999.0,0,-70.602486,-65.04871,-52.90522,-43.42559,-34.716423,-25.719336,-17.981405,-12.105139,-65.547035,-6.9257874,-1.8389648,2.3923583,6.2648864,-65.94518,10.336481,14.174311,17.264307,18.246454,20.306452,21.504328,22.804316,24.42431,28.393152,-0.056884766,28.355228,28.336267,7200.0,0.0,0.0,0.0,-7.963716,-0.087980956,7.964202,-30.262037,4.0
1669319419,758.5346,26.345715,296.82175,298.1575,0.2670288,298.3355,298.42453,265.94342,285.22797,288.82333,290.95212,293.578,4.375,4.25,11.845594,30.0,12.5,1.75,0.02,0.0,8.038,0.0,0.0,0.0,0.0,-7.4687986,-8.342768,-11.456299,-9.138583,-9.613501,-8.978839,2.2898438,2.5060852,0.020602416,0.8582886,1.2133362,0.5858887,101341.43,101480.34,101349.69,117.66452,5874.489,3152.5728,1512.73,793.28284,0.0,1,75.0,0.00011666616,7200.0,-18.8309,-159.764,24250,25.0,1669568400,20.082087,-1.8583252e-05,1,0.157,0.0,75.0,74.8,34.003246,0.0,760.8119,0.01852588,-9999.0,0,-74.51217,-67.94909,-56.867775,-44.919,-34.76287,-25.142813,-18.28507,-12.384039,-66.7033,-6.66001,-1.37406,3.0940185,6.702722,-71.28896,9.341455,11.056635,12.620234,14.411829,16.158564,17.262842,19.252863,21.369165,24.84231,0.06933594,24.888533,24.911646,7200.0,1.6,14.1,0.0,-7.3398657,2.7265797,7.829934,11.570854,-809.0
1662937818,756.1389,26.520714,298.26178,298.4535,2.481018,299.2805,300.9345,266.82407,283.11346,291.0423,294.24036,297.0327,2.5,1.25,11.376177,11.0,8.0,1.5,0.0227,0.0,0.0,0.0,0.0,0.0,0.0,-2.0714111,-3.6864197,-0.36755067,-3.269507,-6.2567873,-5.025711,0.75934756,0.50270385,1.5744537,-0.3743744,0.3781616,-0.5762817,101268.836,101337.68,101315.57,115.066315,5881.1743,3168.5503,1527.6147,799.44147,8.0,1,21.0,0.0,3600.0,18.4394,-66.0018,33299,27.0,1662980160,22.950006,0.00016250195,1,0.081,0.0,21.0,83.9,45.079067,0.16666667,758.5029,0.058165528,26.249994,1,-71.19822,-64.62405,-53.68058,-43.742073,-34.25785,-26.092596,-18.090017,-12.104345,-63.64715,-6.6514955,-1.5928406,2.1133056,5.462274,-70.355125,8.9977665,12.567743,15.348566,17.519709,19.793512,20.86648,22.366968,24.14712,25.856348,1.2936401,26.287561,27.149988,3600.0,6.1,2.0,0.0,-1.8131665,1.9465088,2.6601634,-4.986776,3.0
1671387621,674.36945,25.644285,302.14597,298.01965,-5.8719177,297.04102,292.14774,268.06384,283.48032,293.1593,298.69617,291.39514,9.125,6.375,6.093679,1.75,2.375,7.625,0.0149,0.0,1.99015,0.0,0.0,0.0,0.00026,1.2641159,1.3639648,-3.1435242,-3.719818,2.5533967,1.3367767,-0.85241544,-0.93246764,3.9586976,1.427893,-1.6576691,-0.9453949,90460.8,90762.2,100661.266,56.417114,5866.4272,3133.0708,1486.9161,746.63416,64.0,1,57.0,0.46662498,3600.0,3.54322,-76.3816,30286,27.0,1671573600,15.459436,-5.9355712e-05,1,0.541,0.0,54.0,49.1,25.419598,0.052083332,655.82794,0.02504541,23.300013,1,-81.285805,-69.53532,-54.266747,-41.99157,-32.004005,-23.105001,-15.632238,-9.989996,-64.387856,-4.701239,-0.7930664,3.0848937,7.1870055,-71.9808,11.03689,12.803522,17.346857,22.406763,26.92483,28.460138,29.959284,31.402796,26.971125,-8.098694,21.571995,18.87243,14400.0,20.2,33.9,0.0,0.28110108,-1.0819751,1.1178944,13.506158,962.0
1688206824,638.64496,17.907143,300.30563,290.4535,6.8818054,292.74744,297.3353,269.35278,279.71466,289.18802,295.90808,283.36038,14.25,6.875,30.0,1.875,5.875,11.125,0.0098,0.0,0.0,0.0,0.0,0.0,0.0,0.21454163,0.18935242,-0.88660276,-0.9061859,0.53410643,0.16986999,0.41252288,0.36692658,0.8320252,2.8342865,0.3949524,0.353537,85494.83,85415.45,101548.375,135.98474,5896.5254,3179.2532,1548.3362,820.36487,0.0,1,78.0,0.0,3600.0,-1.96863,30.1395,16284,21.0,1688455800,10.85708,2.8565673e-06,1,1.6140001,0.0,78.0,66.2,19.859102,0.0,640.41595,-0.063344486,17.84997,1,-72.83129,-66.19372,-54.74482,-41.701576,-30.598455,-23.303854,-15.316931,-8.861334,-64.45402,-3.089972,0.71846926,1.1787659,2.382257,-75.943504,6.9158874,10.3458805,14.374384,16.703852,19.99093,21.516047,22.973291,24.430994,17.112635,6.018524,19.118809,23.131159,3600.0,64.3,4.2,92.9,-0.12241211,0.7457373,0.75571746,39.851475,1457.0
1677302420,760.9814,25.710714,295.60532,296.19403,3.9907837,296.19403,300.1848,267.6391,281.64523,290.253,293.36038,295.41486,0.375,0.5,2.9808795,1.875,0.25,0.0,0.0202,0.0,1.30995,0.0,0.0,0.0,7e-05,0.74317014,1.2280915,8.943277,10.284815,6.545001,5.2806396,-3.7725587,-5.082663,0.6182617,-3.5651245,-4.452838,-5.839859,100845.34,100880.75,101250.484,108.79016,5871.0713,3152.879,1516.1162,787.0016,92.0,1,24.0,0.035316665,0.0,-3.883333,102.333336,46449,25.0,1677369600,21.797846,0.00010889123,1,1.2520001,0.0,30.0,81.3,55.502644,0.25,758.678,0.057749514,-9999.0,0,-80.76873,-71.25994,-54.5689,-41.0718,-30.390844,-22.14298,-15.680517,-10.140814,-66.99181,-5.653296,-1.2981323,2.149469,5.3756957,-80.03419,8.282526,11.382502,14.232508,17.136042,20.25091,21.765497,23.285852,24.50622,25.254663,1.6640015,25.254663,26.918665,0.0,91.3,1.7,32.2,-0.76499265,-2.8752856,2.975312,12.739933,9.0
1681148432,756.0375,24.97857,297.22818,297.39185,-0.2371521,297.39185,297.1547,266.92184,280.56744,289.17444,292.1647,295.16046,3.0,2.125,19.73883,6.875,3.0,0.375,0.0183,0.0,2.04827,0.0,0.0,0.0,0.0,-2.5112062,-2.7002532,4.8237486,3.7736328,-1.2219117,-5.0383544,1.6468537,1.8537629,0.8804474,1.0614197,0.96536255,4.5571413,100346.06,100419.37,101592.27,138.68134,5866.932,3170.2712,1541.3018,817.0961,20.0,1,12.0,0.0018933614,0.0,18.25,-65.64,69143,26.0,1681174380,21.149988,4.8472168e-05,1,0.137,0.0,12.0,89.0,37.67155,0.083333336,748.9702,-0.1658838,25.719995,1,-77.884865,-64.84823,-53.244392,-43.247032,-32.24697,-24.803717,-17.374075,-11.4,-67.805046,-6.275397,-2.3761659,0.1453186,3.2388854,-77.06112,7.2779174,10.99679,13.626795,16.084589,17.994562,19.156794,20.664576,22.704584,23.060938,-0.26983643,23.060938,22.791101,0.0,0.0,13.7,0.0,-1.7769384,1.2431103,2.1686018,-19.812328,5.0
1684836622,755.64417,27.657858,301.14233,301.10623,-0.20993042,301.10623,300.8963,267.79205,284.01727,292.31622,296.429,298.28513,2.875,2.5,6.168601,8.125,2.25,1.75,0.0262,0.0,0.0,0.0,0.0,0.0,0.0,0.3600006,0.79680175,2.8305602,7.9835176,6.259131,1.8919586,0.7342682,1.1550629,-2.1559021,0.9528748,0.57496035,-1.5005372,100962.11,101079.695,100957.625,85.29483,5887.223,3157.7217,1509.8301,774.9668,48.0,1,45.0,0.0,0.0,6.166667,102.28333,46568,27.0,1684962000,23.85,2.7250976e-06,1,1.05,0.0,45.0,85.4,49.191204,0.0,757.2965,0.03319629,-9999.0,0,-81.46984,-66.30152,-51.514473,-41.024254,-30.684805,-22.293676,-15.228369,-9.829992,-65.459435,-5.443579,-0.7765564,3.606378,7.2345214,-77.06544,10.156183,13.123957,16.775782,20.145777,22.218134,23.447474,24.737452,25.867609,26.482874,0.17199707,26.482874,26.654871,0.0,100.0,0.0,5.0,1.9621826,0.5970752,2.0510142,-27.527412,6.0
1658609413,756.8213,28.902857,302.6956,303.0848,-1.4415894,303.0848,301.64322,268.0778,282.52344,291.47388,296.34058,295.39096,8.125,7.25,5.125,3.25,3.5,3.5,0.0236,0.0,10.19435,0.0,0.0,0.0,0.0,-0.24040833,-0.20433655,-6.4543123,0.77530515,6.0499053,0.4289093,2.1445434,1.9329376,2.044043,4.0930204,0.39761963,1.0626647,100553.7,100594.484,100678.54,60.338593,5845.2246,3123.9346,1482.9653,750.0393,48.0,1,45.0,0.0,0.0,1.12103,104.119,35389,27.0,1658739600,21.65127,9.306604e-05,1,0.787,0.0,51.0,58.1,59.163876,0.0,752.3648,-0.0707334,30.85,1,-82.943825,-68.16053,-52.4311,-39.412712,-28.58547,-19.549215,-12.757971,-8.4840145,-61.818504,-4.091315,-0.22189942,3.4319396,6.5550475,-73.03266,9.547144,12.277277,15.217279,17.807398,21.15542,23.337397,25.385431,27.507257,30.754114,-3.3041077,30.754114,27.450006,0.0,28.8,38.2,11.7,-0.39263427,3.3222973,3.345418,29.481026,17.0
1689940219,747.9556,28.204287,302.04483,298.9167,-0.06506348,298.87332,298.85162,270.0527,283.4079,292.36407,295.96863,297.833,4.125,1.0,1.75,4.75,0.375,0.25,0.0206,0.0,29.6671,0.0,0.0,0.0,0.00099,7.7319517,7.6968064,20.63679,25.36712,26.302517,19.930197,1.5631348,1.5369934,-12.029612,-4.7505493,-0.9417389,3.2081268,97670.84,97677.82,100053.19,2.3392334,5807.8735,3075.7773,1427.887,692.09515,92.0,1,78.0,2.7638836,7200.0,13.595556,124.211945,46810,25.4,1690185600,24.449976,0.00021195911,1,1.034,0.0,72.0,76.6,54.90121,0.0625,750.6858,0.036805175,-9999.0,0,-77.55291,-65.58311,-48.704567,-35.903954,-25.996069,-19.97225,-13.339483,-8.044561,-65.05944,-3.5904603,0.27263793,3.8211608,7.1830993,-68.30903,10.773096,14.043116,16.753168,19.353113,21.663172,22.883173,24.743158,26.784266,28.946863,-0.04916382,28.914087,28.8977,7200.0,100.0,0.0,3.4,7.0201,-0.8918188,7.076521,28.449213,41.0
1678545043,760.2572,26.37,298.7031,300.28134,-0.10122681,300.21387,300.1801,266.6456,280.87103,289.84903,293.85913,295.27255,4.375,4.875,9.649479,10.875,3.375,4.875,0.0198,0.0,0.00165,0.0,0.0,0.0,0.0,-5.2050505,-6.1232057,-4.227304,-2.081183,-4.6979127,-4.754419,-0.026373291,-0.3770172,3.2541595,-1.3436706,-2.925424,-1.9782257,101641.18,101479.08,101651.05,144.47183,5889.696,3183.8757,1553.1873,826.2527,0.0,1,63.0,0.0,7200.0,-22.9217,-42.0743,27517,28.0,1678726800,20.317987,1.4612793e-05,1,1.849,0.0,57.0,76.6,45.528778,0.0,762.05444,0.0031518554,-9999.0,0,-75.05367,-69.38961,-55.974632,-43.329414,-32.91781,-24.13555,-17.295095,-11.929785,-64.19135,-7.1378846,-2.3454957,0.6768738,4.1489806,-73.365105,6.698999,9.709009,13.367975,16.753931,19.613428,20.971735,22.096796,23.3594,24.6755,0.08660889,24.73324,24.76211,7200.0,98.7,0.1,86.1,-4.109702,-2.8314648,4.990676,52.040455,3.0
1676922616,747.36273,25.197857,298.57425,298.8857,-0.30117798,298.8857,298.58453,268.43768,283.55423,291.75256,292.8221,295.46988,4.25,3.375,16.630783,22.5,15.625,1.125,0.0201,0.0,51.9105,0.0,0.0,0.0,0.0,-6.23277,-6.6711183,-7.047339,-7.0936155,-9.457141,-9.996905,-2.2378602,-2.5443573,2.364563,0.33095703,-3.803418,-3.7870483,100531.47,100593.91,101587.48,138.40073,5904.649,3184.3123,1544.2937,819.47076,48.0,1,36.0,0.028366089,0.0,-20.434444,57.683613,38603,26.0,1677024000,22.504908,-0.000100977784,1,0.146,0.0,36.0,79.0,35.772137,0.0625,760.2685,-0.42734474,-9999.0,0,-79.22906,-67.508354,-53.68969,-41.74369,-31.148718,-21.857794,-15.6966915,-10.000189,-66.95867,-4.935126,-0.69598997,2.9363647,6.0788817,-77.65914,9.180384,12.404779,15.335596,16.814783,18.50213,19.253656,21.127466,23.218561,26.42431,-0.13546753,26.42431,26.288843,0.0,3.9,10.7,0.0,-7.37209,-2.0020776,7.6391115,-25.84511,38.0
1656868817,747.2662,26.8,307.8322,306.25702,-0.75497437,306.00537,305.50204,267.94952,284.1287,293.6842,299.83716,290.5041,17.0,15.5,30.0,23.0,10.125,11.25,0.0134,0.0,0.0,0.0,0.0,0.0,0.0,1.155719,1.1605651,-0.7905701,1.8544128,3.6452851,2.4903228,-1.9421844,-1.9619659,-1.5731385,-6.1402497,-8.024506,-3.7016418,99330.59,99142.11,101102.805,96.35977,5896.965,3179.4514,1532.2798,793.7543,8.0,1,30.0,0.0,3600.0,-14.8187,-64.918,30534,33.0,1656961200,16.1513,-2.2156128e-05,1,0.93,0.0,36.0,32.3,31.518873,0.0,745.34283,0.00035058593,26.670862,1,-75.3915,-67.07853,-55.87626,-43.382515,-33.05871,-24.176153,-15.878759,-9.680365,-63.432487,-4.453467,-0.8705505,3.0279174,6.6197143,-68.29258,9.902643,10.717493,15.162104,20.054163,24.72793,27.068079,29.374994,31.774988,35.03283,-2.3519287,34.248856,32.6809,3600.0,93.0,0.0,0.0,2.8075123,-1.8564795,3.3658047,35.772896,155.0
1668719417,758.5439,25.972857,297.47443,298.04492,0.16918945,298.1577,298.2141,267.68057,282.2142,289.39313,293.02332,296.28796,1.625,1.625,23.826736,18.5,1.5,0.125,0.018,0.0,0.264925,0.0,0.0,0.0,0.0,-5.624881,-7.617616,1.54776,-6.173715,-8.5102415,-7.148355,1.82,2.4724884,-1.7719848,2.1114745,3.6143188,2.9245453,101011.88,100930.98,101167.05,102.24243,5854.047,3141.2527,1509.5521,782.45123,56.0,1,63.0,0.13717501,7200.0,-5.91142,-35.2477,27595,25.0,1668920400,20.679499,9.158545e-05,1,0.346,0.0,63.0,84.3,30.606752,0.041666668,754.14703,-0.079140134,27.615778,1,-77.98745,-67.88209,-53.573204,-42.697594,-32.419304,-23.357183,-15.870153,-10.233252,-60.475456,-6.245978,-1.5089172,2.3267455,5.0433593,-73.136604,8.598841,12.243372,15.083368,16.287867,18.03045,19.151361,20.991724,23.012018,23.4927,-0.75064087,22.992273,22.74206,7200.0,34.6,0.0,0.0,-2.2410986,1.4747363,2.6827915,-42.759296,48.0
1670697029,757.30414,23.24643,298.9942,298.69208,1.8574524,298.69208,300.54953,266.40335,279.63446,293.58444,297.3959,296.75665,2.875,1.75,24.348948,9.375,12.125,8.375,0.0202,0.0,0.16975,0.0,0.0,0.0,0.0,2.352777,4.287895,-5.2717376,-10.708331,-6.588315,1.7444763,-1.0008911,-1.4510361,-6.6009645,-2.8182495,-4.825592,-4.6289644,101020.56,101113.86,101098.04,96.418945,5849.7466,3153.059,1518.8533,782.2207,0.0,1,18.0,0.0,0.0,10.933333,-14.816667,38437,22.0,1670738400,21.403315,3.040271e-05,1,0.05,0.0,18.0,94.4,30.385914,0.0,757.3751,0.052276123,26.749994,1,-82.05656,-65.78019,-54.02526,-43.2604,-33.887077,-24.022131,-16.70606,-11.143896,-67.15768,-6.264197,-3.7332215,0.55245364,2.5388122,-72.423454,6.3127074,11.8224125,16.915216,20.540277,22.34463,22.664728,22.89474,23.484735,22.365992,4.4367065,22.365992,26.802698,0.0,5.0,0.0,0.0,0.32204834,-1.7395898,1.769149,-17.797857,4.0
1663543823,760.6434,25.898571,302.45917,304.11346,0.27423096,304.11346,304.3877,266.96542,283.48215,290.9654,296.11362,297.01172,5.875,6.875,13.143367,11.75,1.875,2.125,0.0225,0.0,3.06205,0.0,0.0,0.0,0.0,-2.7487457,-3.5299592,0.37194824,-2.2207673,-2.765976,-2.7480989,-4.5810575,-5.4291534,-2.4737854,-2.792804,-4.9560575,-5.2844024,100890.41,100826.0,100901.78,80.99115,5860.8496,3148.9438,1503.5481,771.071,12.0,1,75.0,0.0,0.0,26.0726,-80.1527,18732,32.0,1663774200,20.549982,8.027331e-05,1,0.21,0.0,75.0,55.6,51.824066,0.083333336,758.2903,-0.07122461,33.35,1,-74.76945,-64.54305,-51.11915,-40.995857,-31.41982,-23.530798,-17.366522,-11.417791,-63.89521,-7.337256,-2.7989564,1.46792,5.4011474,-68.35334,8.761011,11.97204,14.521051,16.221155,19.531061,21.651178,23.791162,26.00213,30.350824,0.70080566,30.350824,31.05163,0.0,3.9,5.4,11.7,-1.1376513,-2.3161938,2.5805047,46.390877,6.0
1670712619,750.13635,25.145,302.0679,302.32327,0.8593445,302.32327,303.18262,268.94043,284.1724,292.7074,296.0723,295.87292,6.25,6.125,19.128298,6.375,4.5,2.875,0.0237,0.0,0.0,0.0,0.0,0.0,0.0,-0.4031555,0.0422348,-10.073221,1.468631,0.6717041,-0.9993042,0.5082092,0.7278534,0.9786194,0.66945493,-0.23091736,0.6164673,101014.7,100761.56,100790.63,70.03012,5873.1436,3144.4197,1493.8428,759.05945,0.0,1,39.0,0.0,0.0,7.127778,125.654724,46838,32.0,1670814000,21.79986,2.0964355e-06,1,1.0,0.0,39.0,67.0,51.064426,0.0,754.0008,0.042401854,-9999.0,0,-86.01005,-67.426216,-52.49668,-41.269997,-32.5653,-23.128912,-15.572912,-9.279333,-62.95878,-4.5313783,-0.42078248,3.7839599,7.4745116,-75.31422,10.532984,13.447229,16.217096,18.69961,21.282892,22.733759,24.164454,25.66311,28.505121,0.4076233,28.505121,28.912745,0.0,100.0,0.0,0.0,-0.5194653,-0.34045655,0.62109166,58.163773,24.0
1686049245,751.2087,29.345,302.63193,302.9234,-2.3118896,302.9234,300.6115,268.20526,283.7718,293.11707,296.9894,296.5431,6.5,6.25,4.375012,7.875,8.125,5.125,0.0203,0.0,2.1785,0.0,0.0,0.0,0.0,2.1410186,2.428131,2.2211242,1.5584809,3.536258,3.7387452,0.25581056,0.20182495,-0.85495913,-2.0050354,-2.917096,-1.4176483,100174.2,100225.79,100798.664,71.28604,5875.2954,3145.5723,1496.7102,761.3589,0.0,1,57.0,0.0,0.0,1.55,98.88333,46434,31.0,1686214800,20.84344,-4.864868e-06,1,1.548,0.0,57.0,60.4,44.65987,0.0,732.8553,-0.5531831,25.749994,1,-79.28394,-67.80958,-52.87963,-39.550865,-29.062414,-20.15734,-13.383276,-9.699835,-70.35836,-5.7328553,-1.2999939,3.5234313,7.36062,-72.8382,11.000574,14.540735,16.750757,18.100733,21.820826,23.990839,26.200861,28.440851,29.244745,-6.00235,29.244745,23.242395,0.0,32.4,41.4,81.0,2.4922802,0.8197461,2.623632,33.542236,11.0
1665226226,758.0153,27.624287,300.2156,300.92297,-1.4509888,299.95566,299.472,267.63312,283.36847,290.27203,294.12225,294.7253,5.375,5.875,9.042427,13.125,1.125,1.375,0.0162,0.0,0.86575,0.0,0.0,0.0,0.0,-1.5317688,-3.476529,-2.5051148,-5.6763825,-5.1119814,-5.9928374,-2.8370392,-5.6804566,-0.071521,-0.6383484,-3.5816102,-8.070508,101215.02,101370.74,101375.87,121.23456,5892.0337,3172.0603,1535.2358,805.466,20.0,1,24.0,0.0,7200.0,20.937,-89.6577,23179,27.0,1665283440,21.469324,9.040662e-05,1,0.45000002,0.0,24.0,74.5,46.04331,0.0,759.7258,-0.003534668,27.12771,1,-79.027245,-68.346214,-53.608543,-41.093483,-30.843908,-21.936682,-15.312841,-9.94306,-64.38087,-5.518683,-1.2277588,2.6956725,6.1263366,-70.32607,9.059595,11.397181,14.277369,18.190699,20.490686,21.38067,22.361567,23.939753,26.398066,-1.4236145,25.448988,24.974451,7200.0,28.0,13.1,3.9,-1.8529882,-3.311665,3.7948241,-31.208447,12.0
1666617619,731.47406,32.41714,306.52417,303.90326,-4.5361023,302.39124,299.36716,269.31448,284.84186,295.27057,302.1053,296.82126,9.125,6.75,23.823212,8.625,5.875,10.125,0.0205,0.0,0.4372,0.0,0.0,0.0,0.0,-0.7348755,-0.7751404,-0.32006532,1.0117188,-1.9050537,-2.876245,-0.3326416,-0.3355896,3.659787,-2.0136993,-1.9389038,-1.4458497,96261.11,96408.76,100308.484,20.44516,5863.7637,3123.6545,1468.3342,722.77185,12.0,1,45.0,0.0,3600.0,-16.1383,-62.0286,30414,31.0,1666735200,18.255915,-0.00011228699,1,0.23,0.0,39.0,49.4,36.647606,0.0,710.36505,-0.081010744,26.950006,1,-76.71697,-66.62203,-53.63018,-41.973717,-30.972631,-22.325964,-13.913519,-10.276739,-62.902,-4.0398316,0.5405518,4.465509,8.262537,-73.67074,10.060846,13.4526615,17.872675,22.142664,26.241999,28.212671,30.072687,31.552668,29.850397,-5.102295,28.149632,24.748102,3600.0,0.0,22.5,0.5,0.5946094,-3.584536,3.633519,5.708248,489.0
1663805419,570.1515,10.009286,297.49728,284.49597,2.8845215,284.49597,287.3805,267.36743,281.90063,292.1893,295.91446,282.00952,11.5,2.25,11.625,1.875,9.375,11.125,0.0096,0.0,2.73605,0.0,0.0,0.0,0.00023,2.2730317,2.377359,-10.318136,-1.171756,2.3902252,2.3397248,-1.54225,-1.713948,-0.09102478,-3.5855193,-1.6457459,-1.7321075,74761.67,74883.34,101159.29,100.91818,5864.7227,3156.6223,1514.5369,781.658,56.0,1,48.0,0.7400334,0.0,-1.50524,-78.0627,28871,18.0,1663934400,14.749994,-5.065918e-06,1,0.83199996,0.0,42.0,85.4,28.87375,0.041666668,671.6441,0.5351875,20.950006,1,-76.611305,-66.93354,-54.943153,-42.798454,-32.485985,-23.329016,-15.542456,-10.903662,-60.99903,-7.293738,-3.4324403,0.15819702,4.441095,-72.15745,8.499628,12.587885,17.00329,21.306635,19.049707,19.550104,21.033045,22.483423,17.249994,10.598175,17.249994,27.84817,0.0,81.7,1.5,0.0,1.6975293,-0.65196776,1.8184245,11.981528,1020.0
1675345216,750.0878,27.38857,300.0214,300.4604,-3.4513855,299.30994,297.009,266.18726,280.53415,288.21967,293.35864,290.557,9.375,9.875,22.448341,5.5,4.375,4.5,0.0125,0.0,1.149875,0.0,0.0,0.0,0.0,-3.253009,-3.50549,6.31521,-0.9400116,-5.6845183,-6.806699,0.36276245,0.507898,-1.6336975,6.1829863,0.5582336,0.30114135,99647.58,99794.31,101394.914,121.52316,5860.625,3153.711,1527.0903,803.6468,0.0,1,45.0,0.0,3600.0,10.5954,-61.3372,33516,27.0,1675461600,20.57876,-0.00011883618,1,1.116,0.0,39.0,73.9,39.67634,0.020833334,753.96204,0.051803224,24.438349,1,-78.02361,-65.19674,-54.499916,-42.730003,-32.502068,-23.0884,-16.53153,-12.1992855,-67.74566,-6.7277284,-1.5584778,3.209741,5.5449157,-80.494576,8.222467,10.811335,13.411097,15.348047,17.595392,18.778254,20.663446,22.807154,25.608088,-3.8718262,24.317478,21.736261,3600.0,92.8,18.8,0.0,-3.2053516,-0.7621191,3.2947085,-1.6207545,16.0
1669844422,665.8632,19.06643,297.74142,291.62427,1.3355713,291.62427,292.95984,267.5704,281.79303,290.85904,294.46695,291.08542,4.25,0.25,4.3993077,0.625,1.125,2.375,0.0149,0.0,5.5583,0.0,0.0,0.0,8e-05,-0.63920134,-0.73595124,2.612732,-4.8162537,1.8871765,-0.73790896,1.5328064,1.7130463,-1.37128,-8.350866,3.8684602,1.6837982,88340.45,88533.266,100883.08,77.53653,5845.7876,3130.3247,1487.7134,757.9134,92.0,1,39.0,0.013683319,0.0,-6.35,31.083,16370,19.0,1669950000,16.894922,-3.3563233e-06,1,2.711,0.0,39.0,98.8,39.98063,0.6458333,661.0094,-0.024842529,19.361933,1,-79.766975,-67.08633,-56.35662,-42.794,-32.10241,-23.479193,-16.454596,-10.775244,-64.96751,-6.0278077,-2.1202455,1.1517578,4.985315,-69.82935,8.323053,11.165735,14.338953,16.175318,18.287317,19.812494,21.290613,22.729395,17.091242,0.8489075,17.091242,17.94015,0.0,98.5,72.6,100.0,1.0534228,0.45072266,1.1457969,-10.269287,1089.0
1685538623,745.75586,26.756428,301.08878,302.27563,-0.118255615,302.27563,302.15738,268.41757,284.53314,291.62784,295.5958,298.06876,4.0,4.125,9.5,6.625,3.0,1.875,0.0237,0.0,0.0,0.0,0.0,0.0,0.0,0.75842285,1.1909759,-4.242688,3.2915344,0.6084625,2.0441346,6.644305,7.927278,-3.433722,-0.7006195,6.4255614,9.122137,100791.45,100630.83,100955.64,84.84381,5890.413,3155.6318,1505.214,772.6785,0.0,1,27.0,0.0,0.0,1.433333,125.183334,46415,32.0,1685588400,24.35,0.00030187282,1,1.13,0.0,21.0,77.7,50.921753,0.020833334,752.6172,0.11809668,-9999.0,0,-79.64234,-66.23687,-50.33184,-39.28489,-30.696814,-21.098166,-14.239996,-10.045813,-64.07627,-6.1900086,-0.9031738,3.6488585,7.908838,-73.61199,11.408716,14.317255,17.357264,19.007257,21.218561,22.537134,23.728601,25.787134,28.649988,0.12423706,28.649988,28.774225,0.0,100.0,10.6,2.4,1.482085,7.4710107,7.6165986,66.956696,30.0
1667190015,756.70984,27.945,300.53674,301.08136,0.7937012,301.34592,301.87506,268.6319,284.51282,291.1247,295.46625,297.93335,3.25,3.0,7.5974507,7.5,0.875,1.625,0.0238,0.0,2.0272,0.0,0.0,0.0,0.0,-0.68148804,-0.37625426,-3.5770752,-1.1572387,-1.0790955,-2.4301543,1.317131,2.0124588,-1.1724701,1.1727966,0.39745483,-0.45823365,100572.92,100636.84,100977.07,86.386536,5885.435,3153.9436,1505.9827,773.5198,24.0,1,57.0,0.0,3600.0,13.4834,144.796,26506,31.0,1667341620,23.592127,3.1267333e-05,1,0.16700001,0.0,51.0,80.1,51.998188,0.020833334,755.01135,0.0054379883,-9999.0,0,-83.02264,-66.423454,-52.23913,-39.92199,-30.1686,-21.604681,-14.679541,-9.318792,-63.708305,-4.390631,-0.22296754,3.7908263,7.696771,-74.59585,11.078974,13.768946,15.956049,18.339106,21.161158,22.531153,23.787622,25.282038,27.32403,1.3520813,27.774723,28.676111,3600.0,16.7,0.0,0.0,-0.03598877,-1.3778296,1.3782995,19.132608,25.0
1674094813,684.5178,20.918571,305.44608,298.87875,0.48849487,299.2044,299.36725,267.423,281.9582,292.61685,298.07,291.49194,12.125,7.125,5.8804054,1.875,5.0,6.5,0.0201,0.0,0.0,0.0,0.0,0.0,0.0,-0.3516449,-0.34634095,1.4074218,-1.4300354,0.0611145,-0.37403566,1.735315,1.7920593,1.796994,-4.2485566,0.08403931,1.7745178,92482.92,92211.38,101048.805,86.50583,5870.4556,3165.2637,1520.6514,784.1605,80.0,1,21.0,0.0,7200.0,-4.8862,29.6709,16348,29.0,1674126000,18.825037,-5.688025e-05,1,1.716,0.0,15.0,71.7,39.261253,0.0,690.8598,-0.123087645,21.61001,1,-82.90142,-67.63363,-53.53454,-42.55033,-32.20858,-23.62148,-15.810675,-11.176123,-66.624626,-6.477881,-2.8926454,0.64013064,5.265863,-68.62183,9.267511,12.57403,15.455774,17.54339,21.503778,23.913599,25.422205,26.8753,24.206415,0.50704956,24.544447,24.713465,7200.0,100.0,0.5,71.1,0.8356152,1.902163,2.0776134,69.35061,823.0
1657279836,734.58295,23.007143,296.07526,296.72763,1.1546631,296.72763,297.8823,268.70023,284.5499,289.80353,292.147,294.25778,2.0,2.25,15.625,25.5,7.125,0.875,0.0209,0.0,0.0053,0.0,0.0,0.0,0.0,-2.4078584,-3.168579,-5.1814055,4.592508,-2.216205,-6.9116488,3.5511215,4.346312,-4.079755,-6.783704,1.0964661,6.342734,100911.05,101012.44,100985.19,85.582855,5848.9883,3124.3916,1487.7743,763.20624,8.0,1,21.0,0.0075416667,0.0,-8.433333,117.416664,46403,22.0,1657314000,17.649988,0.00010901123,1,0.95900005,0.0,15.0,94.1,28.81699,0.0,751.5129,0.25254786,23.669336,1,-81.77737,-67.476616,-52.69938,-40.548424,-29.733892,-20.959158,-14.147833,-8.440008,-62.61567,-3.1000123,-0.81506956,4.2427306,8.297602,-67.838524,10.644678,12.477564,13.70138,15.781397,17.481379,18.753138,20.601374,21.747644,18.702997,4.9222107,18.702997,23.625208,0.0,93.3,2.6,0.0,0.68348145,1.9984033,2.1120517,-19.392908,-171.0
1680592215,756.05884,27.817142,299.12308,299.76367,0.026794434,299.76367,299.79047,269.19788,283.27487,290.56708,294.25644,297.2447,2.25,2.25,2.6769657,2.25,0.125,0.125,0.0234,0.0,55.6614,0.0,0.0,0.0,6e-05,3.4864533,3.8041902,0.3985901,8.5797825,9.158612,7.4914308,-4.927719,-5.5068693,-2.0365112,-3.098816,-8.29024,-8.14884,100463.984,100449.37,100675.25,59.20804,5842.352,3114.5935,1473.7241,743.1249,68.0,1,66.0,0.23709233,0.0,-5.683333,132.75,46397,24.0,1680804000,23.879267,-2.0666992e-05,1,3.0,0.0,66.0,92.7,63.753628,6.6875,753.3753,0.017833496,-9999.0,0,-87.15858,-68.92246,-51.704475,-38.359978,-27.901953,-19.755255,-13.26557,-8.128332,-67.8997,-3.9868836,-0.67618406,2.1006103,5.751489,-74.07848,8.875269,11.563013,14.304499,16.761988,18.909754,19.932032,20.672937,22.353083,25.20785,0.3440857,25.20785,25.551935,0.0,100.0,100.0,100.0,10.408377,-4.0193043,11.157469,-47.5046,-21.0
1667325013,761.9041,24.785715,297.73694,298.7736,-0.44750977,298.47525,298.32608,268.0534,283.65344,291.2326,294.73206,297.563,0.25,1.0,8.782415,4.625,0.75,0.0,0.0224,0.0,122.9733,0.0,0.0,0.0,0.00053,0.033639528,-0.40335387,8.400052,8.296143,6.7590027,3.6836305,-0.92607725,-0.7529907,1.8795319,2.4171264,3.2824159,4.6532717,101124.31,101220.625,101142.7,100.41962,5886.0684,3160.988,1515.8346,783.6804,88.0,1,54.0,0.7027181,7200.0,24.8267,125.145,27172,26.0,1667462400,21.953241,4.178662e-05,1,1.5370001,0.0,42.0,81.3,59.18426,0.8020833,759.5417,-0.058737792,-9999.0,0,-82.607735,-65.18452,-50.94686,-39.844353,-30.096655,-22.18897,-16.105352,-9.986059,-66.75512,-5.7070374,-1.8759521,1.7684265,5.569757,-77.36413,9.140924,12.099085,14.889887,16.469873,17.888483,18.55697,19.966944,22.016718,25.381495,-0.039978027,25.368168,25.341516,7200.0,54.7,92.5,6.5,-6.6518846,-4.629238,8.10416,14.22778,7.0
1677692413,753.32574,25.598572,297.34442,297.27997,-1.2874451,296.42166,295.99252,265.9097,285.58664,289.88632,293.152,291.7164,5.875,5.5,29.875061,30.0,5.625,7.375,0.0184,0.0,0.0,0.0,0.0,0.0,0.0,-2.0146956,-2.5370407,-0.37410888,-2.788086,-2.216678,-3.8299408,1.3036988,1.8763154,-5.6444397,-2.6182494,-5.4209228,2.370462,100684.06,100755.44,101652.93,143.4527,5904.167,3187.1067,1547.605,821.42395,0.0,1,12.0,0.0,7200.0,19.9698,-75.8354,23928,24.0,1677725400,18.449976,-0.0001996947,1,0.027999999,0.0,18.0,83.1,25.756237,0.0,748.20087,-0.022144044,24.6,1,-77.638466,-64.24137,-54.46041,-44.642113,-34.429985,-24.41709,-17.448477,-12.889807,-72.41619,-7.035254,-1.636145,3.4441466,7.5660644,-82.59156,11.2260685,13.368006,13.889429,15.729425,18.649927,19.31045,20.490442,22.111536,21.50796,-1.9193115,20.228418,19.588648,7200.0,2.8,0.0,0.0,-1.4128076,0.79809815,1.6226478,-43.61021,34.0
